-- phpMyAdmin SQL Dump
-- version 5.2.1
-- https://www.phpmyadmin.net/
--
-- Host: localhost:3306
-- Generation Time: Dec 04, 2023 at 05:11 PM
-- Server version: 8.0.30
-- PHP Version: 8.1.10

SET SQL_MODE = "NO_AUTO_VALUE_ON_ZERO";
START TRANSACTION;
SET time_zone = "+00:00";


/*!40101 SET @OLD_CHARACTER_SET_CLIENT=@@CHARACTER_SET_CLIENT */;
/*!40101 SET @OLD_CHARACTER_SET_RESULTS=@@CHARACTER_SET_RESULTS */;
/*!40101 SET @OLD_COLLATION_CONNECTION=@@COLLATION_CONNECTION */;
/*!40101 SET NAMES utf8mb4 */;

--
-- Database: `db_ecommerce_asgarmebel`
--

-- --------------------------------------------------------

--
-- Table structure for table `carts`
--

CREATE TABLE `carts` (
  `id` bigint UNSIGNED NOT NULL,
  `product_id` bigint UNSIGNED NOT NULL,
  `customer_id` bigint UNSIGNED NOT NULL,
  `qty` int NOT NULL,
  `price` bigint NOT NULL,
  `weight` int NOT NULL,
  `created_at` timestamp NULL DEFAULT NULL,
  `updated_at` timestamp NULL DEFAULT NULL
) ENGINE=InnoDB DEFAULT CHARSET=utf8mb4 COLLATE=utf8mb4_unicode_ci;

-- --------------------------------------------------------

--
-- Table structure for table `categories`
--

CREATE TABLE `categories` (
  `id` bigint UNSIGNED NOT NULL,
  `name` varchar(255) COLLATE utf8mb4_unicode_ci NOT NULL,
  `slug` varchar(255) COLLATE utf8mb4_unicode_ci NOT NULL,
  `image` varchar(255) COLLATE utf8mb4_unicode_ci NOT NULL,
  `created_at` timestamp NULL DEFAULT NULL,
  `updated_at` timestamp NULL DEFAULT NULL
) ENGINE=InnoDB DEFAULT CHARSET=utf8mb4 COLLATE=utf8mb4_unicode_ci;

--
-- Dumping data for table `categories`
--

INSERT INTO `categories` (`id`, `name`, `slug`, `image`, `created_at`, `updated_at`) VALUES
(3, 'RUANG KELUARGA', 'ruang-keluarga', 'wJWyDN7AHmI2ZNXmF9p2JAtGflbWHY70ZWL0xoVJ.png', '2023-11-09 07:49:28', '2023-12-04 00:14:08'),
(4, 'RUANG TAMU', 'ruang-tamu', '0e7lC5CaRizApslFBQCGUNumluJduDENtIi8cLct.png', '2023-11-09 09:11:52', '2023-12-04 00:13:59'),
(5, 'RUANG DAPUR', 'ruang-dapur', 'U637ZbNdBFpFQjOiuLhfe5MTMoW1UC0N7jPiNJdO.png', '2023-11-09 09:12:38', '2023-12-04 00:13:08'),
(6, 'RUANG TIDUR', 'ruang-tidur', 'Plu4rVIgb7uNzv8vlOo7V7M6jlpnCJZl8uCaPlU5.png', '2023-11-09 09:25:35', '2023-12-04 00:12:42'),
(7, 'RUANG MAKAN', 'ruang-makan', '8DKhQctz3BFyL1lYRBVjlMzImaDo8Ov7ytyfx8nW.png', '2023-11-10 13:39:23', '2023-12-04 00:12:11');

-- --------------------------------------------------------

--
-- Table structure for table `cities`
--

CREATE TABLE `cities` (
  `id` bigint UNSIGNED NOT NULL,
  `province_id` bigint UNSIGNED NOT NULL,
  `city_id` int NOT NULL,
  `name` varchar(255) COLLATE utf8mb4_unicode_ci NOT NULL,
  `created_at` timestamp NULL DEFAULT NULL,
  `updated_at` timestamp NULL DEFAULT NULL
) ENGINE=InnoDB DEFAULT CHARSET=utf8mb4 COLLATE=utf8mb4_unicode_ci;

--
-- Dumping data for table `cities`
--

INSERT INTO `cities` (`id`, `province_id`, `city_id`, `name`, `created_at`, `updated_at`) VALUES
(1, 21, 1, 'Aceh Barat - (Kabupaten)', '2023-11-10 16:42:19', '2023-11-10 16:42:19'),
(2, 21, 2, 'Aceh Barat Daya - (Kabupaten)', '2023-11-10 16:42:19', '2023-11-10 16:42:19'),
(3, 21, 3, 'Aceh Besar - (Kabupaten)', '2023-11-10 16:42:19', '2023-11-10 16:42:19'),
(4, 21, 4, 'Aceh Jaya - (Kabupaten)', '2023-11-10 16:42:19', '2023-11-10 16:42:19'),
(5, 21, 5, 'Aceh Selatan - (Kabupaten)', '2023-11-10 16:42:19', '2023-11-10 16:42:19'),
(6, 21, 6, 'Aceh Singkil - (Kabupaten)', '2023-11-10 16:42:19', '2023-11-10 16:42:19'),
(7, 21, 7, 'Aceh Tamiang - (Kabupaten)', '2023-11-10 16:42:19', '2023-11-10 16:42:19'),
(8, 21, 8, 'Aceh Tengah - (Kabupaten)', '2023-11-10 16:42:19', '2023-11-10 16:42:19'),
(9, 21, 9, 'Aceh Tenggara - (Kabupaten)', '2023-11-10 16:42:19', '2023-11-10 16:42:19'),
(10, 21, 10, 'Aceh Timur - (Kabupaten)', '2023-11-10 16:42:19', '2023-11-10 16:42:19'),
(11, 21, 11, 'Aceh Utara - (Kabupaten)', '2023-11-10 16:42:19', '2023-11-10 16:42:19'),
(12, 32, 12, 'Agam - (Kabupaten)', '2023-11-10 16:42:19', '2023-11-10 16:42:19'),
(13, 23, 13, 'Alor - (Kabupaten)', '2023-11-10 16:42:19', '2023-11-10 16:42:19'),
(14, 19, 14, 'Ambon - (Kota)', '2023-11-10 16:42:19', '2023-11-10 16:42:19'),
(15, 34, 15, 'Asahan - (Kabupaten)', '2023-11-10 16:42:19', '2023-11-10 16:42:19'),
(16, 24, 16, 'Asmat - (Kabupaten)', '2023-11-10 16:42:19', '2023-11-10 16:42:19'),
(17, 1, 17, 'Badung - (Kabupaten)', '2023-11-10 16:42:19', '2023-11-10 16:42:19'),
(18, 13, 18, 'Balangan - (Kabupaten)', '2023-11-10 16:42:19', '2023-11-10 16:42:19'),
(19, 15, 19, 'Balikpapan - (Kota)', '2023-11-10 16:42:19', '2023-11-10 16:42:19'),
(20, 21, 20, 'Banda Aceh - (Kota)', '2023-11-10 16:42:19', '2023-11-10 16:42:19'),
(21, 18, 21, 'Bandar Lampung - (Kota)', '2023-11-10 16:42:19', '2023-11-10 16:42:19'),
(22, 9, 22, 'Bandung - (Kabupaten)', '2023-11-10 16:42:19', '2023-11-10 16:42:19'),
(23, 9, 23, 'Bandung - (Kota)', '2023-11-10 16:42:19', '2023-11-10 16:42:19'),
(24, 9, 24, 'Bandung Barat - (Kabupaten)', '2023-11-10 16:42:19', '2023-11-10 16:42:19'),
(25, 29, 25, 'Banggai - (Kabupaten)', '2023-11-10 16:42:19', '2023-11-10 16:42:19'),
(26, 29, 26, 'Banggai Kepulauan - (Kabupaten)', '2023-11-10 16:42:19', '2023-11-10 16:42:19'),
(27, 2, 27, 'Bangka - (Kabupaten)', '2023-11-10 16:42:19', '2023-11-10 16:42:19'),
(28, 2, 28, 'Bangka Barat - (Kabupaten)', '2023-11-10 16:42:19', '2023-11-10 16:42:19'),
(29, 2, 29, 'Bangka Selatan - (Kabupaten)', '2023-11-10 16:42:19', '2023-11-10 16:42:19'),
(30, 2, 30, 'Bangka Tengah - (Kabupaten)', '2023-11-10 16:42:19', '2023-11-10 16:42:19'),
(31, 11, 31, 'Bangkalan - (Kabupaten)', '2023-11-10 16:42:19', '2023-11-10 16:42:19'),
(32, 1, 32, 'Bangli - (Kabupaten)', '2023-11-10 16:42:19', '2023-11-10 16:42:19'),
(33, 13, 33, 'Banjar - (Kabupaten)', '2023-11-10 16:42:19', '2023-11-10 16:42:19'),
(34, 9, 34, 'Banjar - (Kota)', '2023-11-10 16:42:19', '2023-11-10 16:42:19'),
(35, 13, 35, 'Banjarbaru - (Kota)', '2023-11-10 16:42:19', '2023-11-10 16:42:19'),
(36, 13, 36, 'Banjarmasin - (Kota)', '2023-11-10 16:42:19', '2023-11-10 16:42:19'),
(37, 10, 37, 'Banjarnegara - (Kabupaten)', '2023-11-10 16:42:19', '2023-11-10 16:42:19'),
(38, 28, 38, 'Bantaeng - (Kabupaten)', '2023-11-10 16:42:19', '2023-11-10 16:42:19'),
(39, 5, 39, 'Bantul - (Kabupaten)', '2023-11-10 16:42:19', '2023-11-10 16:42:19'),
(40, 33, 40, 'Banyuasin - (Kabupaten)', '2023-11-10 16:42:19', '2023-11-10 16:42:19'),
(41, 10, 41, 'Banyumas - (Kabupaten)', '2023-11-10 16:42:19', '2023-11-10 16:42:19'),
(42, 11, 42, 'Banyuwangi - (Kabupaten)', '2023-11-10 16:42:19', '2023-11-10 16:42:19'),
(43, 13, 43, 'Barito Kuala - (Kabupaten)', '2023-11-10 16:42:19', '2023-11-10 16:42:19'),
(44, 14, 44, 'Barito Selatan - (Kabupaten)', '2023-11-10 16:42:19', '2023-11-10 16:42:19'),
(45, 14, 45, 'Barito Timur - (Kabupaten)', '2023-11-10 16:42:19', '2023-11-10 16:42:19'),
(46, 14, 46, 'Barito Utara - (Kabupaten)', '2023-11-10 16:42:19', '2023-11-10 16:42:19'),
(47, 28, 47, 'Barru - (Kabupaten)', '2023-11-10 16:42:19', '2023-11-10 16:42:19'),
(48, 17, 48, 'Batam - (Kota)', '2023-11-10 16:42:19', '2023-11-10 16:42:19'),
(49, 10, 49, 'Batang - (Kabupaten)', '2023-11-10 16:42:19', '2023-11-10 16:42:19'),
(50, 8, 50, 'Batang Hari - (Kabupaten)', '2023-11-10 16:42:19', '2023-11-10 16:42:19'),
(51, 11, 51, 'Batu - (Kota)', '2023-11-10 16:42:19', '2023-11-10 16:42:19'),
(52, 34, 52, 'Batu Bara - (Kabupaten)', '2023-11-10 16:42:19', '2023-11-10 16:42:19'),
(53, 30, 53, 'Bau-Bau - (Kota)', '2023-11-10 16:42:19', '2023-11-10 16:42:19'),
(54, 9, 54, 'Bekasi - (Kabupaten)', '2023-11-10 16:42:19', '2023-11-10 16:42:19'),
(55, 9, 55, 'Bekasi - (Kota)', '2023-11-10 16:42:19', '2023-11-10 16:42:19'),
(56, 2, 56, 'Belitung - (Kabupaten)', '2023-11-10 16:42:19', '2023-11-10 16:42:19'),
(57, 2, 57, 'Belitung Timur - (Kabupaten)', '2023-11-10 16:42:19', '2023-11-10 16:42:19'),
(58, 23, 58, 'Belu - (Kabupaten)', '2023-11-10 16:42:19', '2023-11-10 16:42:19'),
(59, 21, 59, 'Bener Meriah - (Kabupaten)', '2023-11-10 16:42:19', '2023-11-10 16:42:19'),
(60, 26, 60, 'Bengkalis - (Kabupaten)', '2023-11-10 16:42:19', '2023-11-10 16:42:19'),
(61, 12, 61, 'Bengkayang - (Kabupaten)', '2023-11-10 16:42:19', '2023-11-10 16:42:19'),
(62, 4, 62, 'Bengkulu - (Kota)', '2023-11-10 16:42:19', '2023-11-10 16:42:19'),
(63, 4, 63, 'Bengkulu Selatan - (Kabupaten)', '2023-11-10 16:42:19', '2023-11-10 16:42:19'),
(64, 4, 64, 'Bengkulu Tengah - (Kabupaten)', '2023-11-10 16:42:19', '2023-11-10 16:42:19'),
(65, 4, 65, 'Bengkulu Utara - (Kabupaten)', '2023-11-10 16:42:19', '2023-11-10 16:42:19'),
(66, 15, 66, 'Berau - (Kabupaten)', '2023-11-10 16:42:19', '2023-11-10 16:42:19'),
(67, 24, 67, 'Biak Numfor - (Kabupaten)', '2023-11-10 16:42:19', '2023-11-10 16:42:19'),
(68, 22, 68, 'Bima - (Kabupaten)', '2023-11-10 16:42:19', '2023-11-10 16:42:19'),
(69, 22, 69, 'Bima - (Kota)', '2023-11-10 16:42:19', '2023-11-10 16:42:19'),
(70, 34, 70, 'Binjai - (Kota)', '2023-11-10 16:42:19', '2023-11-10 16:42:19'),
(71, 17, 71, 'Bintan - (Kabupaten)', '2023-11-10 16:42:19', '2023-11-10 16:42:19'),
(72, 21, 72, 'Bireuen - (Kabupaten)', '2023-11-10 16:42:19', '2023-11-10 16:42:19'),
(73, 31, 73, 'Bitung - (Kota)', '2023-11-10 16:42:19', '2023-11-10 16:42:19'),
(74, 11, 74, 'Blitar - (Kabupaten)', '2023-11-10 16:42:19', '2023-11-10 16:42:19'),
(75, 11, 75, 'Blitar - (Kota)', '2023-11-10 16:42:19', '2023-11-10 16:42:19'),
(76, 10, 76, 'Blora - (Kabupaten)', '2023-11-10 16:42:19', '2023-11-10 16:42:19'),
(77, 7, 77, 'Boalemo - (Kabupaten)', '2023-11-10 16:42:19', '2023-11-10 16:42:19'),
(78, 9, 78, 'Bogor - (Kabupaten)', '2023-11-10 16:42:19', '2023-11-10 16:42:19'),
(79, 9, 79, 'Bogor - (Kota)', '2023-11-10 16:42:19', '2023-11-10 16:42:19'),
(80, 11, 80, 'Bojonegoro - (Kabupaten)', '2023-11-10 16:42:19', '2023-11-10 16:42:19'),
(81, 31, 81, 'Bolaang Mongondow (Bolmong) - (Kabupaten)', '2023-11-10 16:42:19', '2023-11-10 16:42:19'),
(82, 31, 82, 'Bolaang Mongondow Selatan - (Kabupaten)', '2023-11-10 16:42:19', '2023-11-10 16:42:19'),
(83, 31, 83, 'Bolaang Mongondow Timur - (Kabupaten)', '2023-11-10 16:42:19', '2023-11-10 16:42:19'),
(84, 31, 84, 'Bolaang Mongondow Utara - (Kabupaten)', '2023-11-10 16:42:19', '2023-11-10 16:42:19'),
(85, 30, 85, 'Bombana - (Kabupaten)', '2023-11-10 16:42:19', '2023-11-10 16:42:19'),
(86, 11, 86, 'Bondowoso - (Kabupaten)', '2023-11-10 16:42:19', '2023-11-10 16:42:19'),
(87, 28, 87, 'Bone - (Kabupaten)', '2023-11-10 16:42:19', '2023-11-10 16:42:19'),
(88, 7, 88, 'Bone Bolango - (Kabupaten)', '2023-11-10 16:42:19', '2023-11-10 16:42:19'),
(89, 15, 89, 'Bontang - (Kota)', '2023-11-10 16:42:19', '2023-11-10 16:42:19'),
(90, 24, 90, 'Boven Digoel - (Kabupaten)', '2023-11-10 16:42:19', '2023-11-10 16:42:19'),
(91, 10, 91, 'Boyolali - (Kabupaten)', '2023-11-10 16:42:19', '2023-11-10 16:42:19'),
(92, 10, 92, 'Brebes - (Kabupaten)', '2023-11-10 16:42:19', '2023-11-10 16:42:19'),
(93, 32, 93, 'Bukittinggi - (Kota)', '2023-11-10 16:42:19', '2023-11-10 16:42:19'),
(94, 1, 94, 'Buleleng - (Kabupaten)', '2023-11-10 16:42:19', '2023-11-10 16:42:19'),
(95, 28, 95, 'Bulukumba - (Kabupaten)', '2023-11-10 16:42:19', '2023-11-10 16:42:19'),
(96, 16, 96, 'Bulungan (Bulongan) - (Kabupaten)', '2023-11-10 16:42:19', '2023-11-10 16:42:19'),
(97, 8, 97, 'Bungo - (Kabupaten)', '2023-11-10 16:42:19', '2023-11-10 16:42:19'),
(98, 29, 98, 'Buol - (Kabupaten)', '2023-11-10 16:42:19', '2023-11-10 16:42:19'),
(99, 19, 99, 'Buru - (Kabupaten)', '2023-11-10 16:42:19', '2023-11-10 16:42:19'),
(100, 19, 100, 'Buru Selatan - (Kabupaten)', '2023-11-10 16:42:19', '2023-11-10 16:42:19'),
(101, 30, 101, 'Buton - (Kabupaten)', '2023-11-10 16:42:19', '2023-11-10 16:42:19'),
(102, 30, 102, 'Buton Utara - (Kabupaten)', '2023-11-10 16:42:19', '2023-11-10 16:42:19'),
(103, 9, 103, 'Ciamis - (Kabupaten)', '2023-11-10 16:42:19', '2023-11-10 16:42:19'),
(104, 9, 104, 'Cianjur - (Kabupaten)', '2023-11-10 16:42:19', '2023-11-10 16:42:19'),
(105, 10, 105, 'Cilacap - (Kabupaten)', '2023-11-10 16:42:19', '2023-11-10 16:42:19'),
(106, 3, 106, 'Cilegon - (Kota)', '2023-11-10 16:42:19', '2023-11-10 16:42:19'),
(107, 9, 107, 'Cimahi - (Kota)', '2023-11-10 16:42:19', '2023-11-10 16:42:19'),
(108, 9, 108, 'Cirebon - (Kabupaten)', '2023-11-10 16:42:19', '2023-11-10 16:42:19'),
(109, 9, 109, 'Cirebon - (Kota)', '2023-11-10 16:42:19', '2023-11-10 16:42:19'),
(110, 34, 110, 'Dairi - (Kabupaten)', '2023-11-10 16:42:19', '2023-11-10 16:42:19'),
(111, 24, 111, 'Deiyai (Deliyai) - (Kabupaten)', '2023-11-10 16:42:19', '2023-11-10 16:42:19'),
(112, 34, 112, 'Deli Serdang - (Kabupaten)', '2023-11-10 16:42:19', '2023-11-10 16:42:19'),
(113, 10, 113, 'Demak - (Kabupaten)', '2023-11-10 16:42:19', '2023-11-10 16:42:19'),
(114, 1, 114, 'Denpasar - (Kota)', '2023-11-10 16:42:19', '2023-11-10 16:42:19'),
(115, 9, 115, 'Depok - (Kota)', '2023-11-10 16:42:19', '2023-11-10 16:42:19'),
(116, 32, 116, 'Dharmasraya - (Kabupaten)', '2023-11-10 16:42:19', '2023-11-10 16:42:19'),
(117, 24, 117, 'Dogiyai - (Kabupaten)', '2023-11-10 16:42:19', '2023-11-10 16:42:19'),
(118, 22, 118, 'Dompu - (Kabupaten)', '2023-11-10 16:42:19', '2023-11-10 16:42:19'),
(119, 29, 119, 'Donggala - (Kabupaten)', '2023-11-10 16:42:19', '2023-11-10 16:42:19'),
(120, 26, 120, 'Dumai - (Kota)', '2023-11-10 16:42:19', '2023-11-10 16:42:19'),
(121, 33, 121, 'Empat Lawang - (Kabupaten)', '2023-11-10 16:42:19', '2023-11-10 16:42:19'),
(122, 23, 122, 'Ende - (Kabupaten)', '2023-11-10 16:42:19', '2023-11-10 16:42:19'),
(123, 28, 123, 'Enrekang - (Kabupaten)', '2023-11-10 16:42:19', '2023-11-10 16:42:19'),
(124, 25, 124, 'Fakfak - (Kabupaten)', '2023-11-10 16:42:19', '2023-11-10 16:42:19'),
(125, 23, 125, 'Flores Timur - (Kabupaten)', '2023-11-10 16:42:19', '2023-11-10 16:42:19'),
(126, 9, 126, 'Garut - (Kabupaten)', '2023-11-10 16:42:19', '2023-11-10 16:42:19'),
(127, 21, 127, 'Gayo Lues - (Kabupaten)', '2023-11-10 16:42:19', '2023-11-10 16:42:19'),
(128, 1, 128, 'Gianyar - (Kabupaten)', '2023-11-10 16:42:19', '2023-11-10 16:42:19'),
(129, 7, 129, 'Gorontalo - (Kabupaten)', '2023-11-10 16:42:19', '2023-11-10 16:42:19'),
(130, 7, 130, 'Gorontalo - (Kota)', '2023-11-10 16:42:19', '2023-11-10 16:42:19'),
(131, 7, 131, 'Gorontalo Utara - (Kabupaten)', '2023-11-10 16:42:19', '2023-11-10 16:42:19'),
(132, 28, 132, 'Gowa - (Kabupaten)', '2023-11-10 16:42:19', '2023-11-10 16:42:19'),
(133, 11, 133, 'Gresik - (Kabupaten)', '2023-11-10 16:42:19', '2023-11-10 16:42:19'),
(134, 10, 134, 'Grobogan - (Kabupaten)', '2023-11-10 16:42:19', '2023-11-10 16:42:19'),
(135, 5, 135, 'Gunung Kidul - (Kabupaten)', '2023-11-10 16:42:19', '2023-11-10 16:42:19'),
(136, 14, 136, 'Gunung Mas - (Kabupaten)', '2023-11-10 16:42:19', '2023-11-10 16:42:19'),
(137, 34, 137, 'Gunungsitoli - (Kota)', '2023-11-10 16:42:19', '2023-11-10 16:42:19'),
(138, 20, 138, 'Halmahera Barat - (Kabupaten)', '2023-11-10 16:42:19', '2023-11-10 16:42:19'),
(139, 20, 139, 'Halmahera Selatan - (Kabupaten)', '2023-11-10 16:42:19', '2023-11-10 16:42:19'),
(140, 20, 140, 'Halmahera Tengah - (Kabupaten)', '2023-11-10 16:42:19', '2023-11-10 16:42:19'),
(141, 20, 141, 'Halmahera Timur - (Kabupaten)', '2023-11-10 16:42:19', '2023-11-10 16:42:19'),
(142, 20, 142, 'Halmahera Utara - (Kabupaten)', '2023-11-10 16:42:19', '2023-11-10 16:42:19'),
(143, 13, 143, 'Hulu Sungai Selatan - (Kabupaten)', '2023-11-10 16:42:19', '2023-11-10 16:42:19'),
(144, 13, 144, 'Hulu Sungai Tengah - (Kabupaten)', '2023-11-10 16:42:19', '2023-11-10 16:42:19'),
(145, 13, 145, 'Hulu Sungai Utara - (Kabupaten)', '2023-11-10 16:42:19', '2023-11-10 16:42:19'),
(146, 34, 146, 'Humbang Hasundutan - (Kabupaten)', '2023-11-10 16:42:19', '2023-11-10 16:42:19'),
(147, 26, 147, 'Indragiri Hilir - (Kabupaten)', '2023-11-10 16:42:19', '2023-11-10 16:42:19'),
(148, 26, 148, 'Indragiri Hulu - (Kabupaten)', '2023-11-10 16:42:19', '2023-11-10 16:42:19'),
(149, 9, 149, 'Indramayu - (Kabupaten)', '2023-11-10 16:42:19', '2023-11-10 16:42:19'),
(150, 24, 150, 'Intan Jaya - (Kabupaten)', '2023-11-10 16:42:19', '2023-11-10 16:42:19'),
(151, 6, 151, 'Jakarta Barat - (Kota)', '2023-11-10 16:42:19', '2023-11-10 16:42:19'),
(152, 6, 152, 'Jakarta Pusat - (Kota)', '2023-11-10 16:42:19', '2023-11-10 16:42:19'),
(153, 6, 153, 'Jakarta Selatan - (Kota)', '2023-11-10 16:42:19', '2023-11-10 16:42:19'),
(154, 6, 154, 'Jakarta Timur - (Kota)', '2023-11-10 16:42:19', '2023-11-10 16:42:19'),
(155, 6, 155, 'Jakarta Utara - (Kota)', '2023-11-10 16:42:19', '2023-11-10 16:42:19'),
(156, 8, 156, 'Jambi - (Kota)', '2023-11-10 16:42:19', '2023-11-10 16:42:19'),
(157, 24, 157, 'Jayapura - (Kabupaten)', '2023-11-10 16:42:19', '2023-11-10 16:42:19'),
(158, 24, 158, 'Jayapura - (Kota)', '2023-11-10 16:42:19', '2023-11-10 16:42:19'),
(159, 24, 159, 'Jayawijaya - (Kabupaten)', '2023-11-10 16:42:19', '2023-11-10 16:42:19'),
(160, 11, 160, 'Jember - (Kabupaten)', '2023-11-10 16:42:19', '2023-11-10 16:42:19'),
(161, 1, 161, 'Jembrana - (Kabupaten)', '2023-11-10 16:42:19', '2023-11-10 16:42:19'),
(162, 28, 162, 'Jeneponto - (Kabupaten)', '2023-11-10 16:42:19', '2023-11-10 16:42:19'),
(163, 10, 163, 'Jepara - (Kabupaten)', '2023-11-10 16:42:19', '2023-11-10 16:42:19'),
(164, 11, 164, 'Jombang - (Kabupaten)', '2023-11-10 16:42:19', '2023-11-10 16:42:19'),
(165, 25, 165, 'Kaimana - (Kabupaten)', '2023-11-10 16:42:19', '2023-11-10 16:42:19'),
(166, 26, 166, 'Kampar - (Kabupaten)', '2023-11-10 16:42:19', '2023-11-10 16:42:19'),
(167, 14, 167, 'Kapuas - (Kabupaten)', '2023-11-10 16:42:19', '2023-11-10 16:42:19'),
(168, 12, 168, 'Kapuas Hulu - (Kabupaten)', '2023-11-10 16:42:19', '2023-11-10 16:42:19'),
(169, 10, 169, 'Karanganyar - (Kabupaten)', '2023-11-10 16:42:19', '2023-11-10 16:42:19'),
(170, 1, 170, 'Karangasem - (Kabupaten)', '2023-11-10 16:42:19', '2023-11-10 16:42:19'),
(171, 9, 171, 'Karawang - (Kabupaten)', '2023-11-10 16:42:19', '2023-11-10 16:42:19'),
(172, 17, 172, 'Karimun - (Kabupaten)', '2023-11-10 16:42:19', '2023-11-10 16:42:19'),
(173, 34, 173, 'Karo - (Kabupaten)', '2023-11-10 16:42:19', '2023-11-10 16:42:19'),
(174, 14, 174, 'Katingan - (Kabupaten)', '2023-11-10 16:42:19', '2023-11-10 16:42:19'),
(175, 4, 175, 'Kaur - (Kabupaten)', '2023-11-10 16:42:19', '2023-11-10 16:42:19'),
(176, 12, 176, 'Kayong Utara - (Kabupaten)', '2023-11-10 16:42:19', '2023-11-10 16:42:19'),
(177, 10, 177, 'Kebumen - (Kabupaten)', '2023-11-10 16:42:19', '2023-11-10 16:42:19'),
(178, 11, 178, 'Kediri - (Kabupaten)', '2023-11-10 16:42:19', '2023-11-10 16:42:19'),
(179, 11, 179, 'Kediri - (Kota)', '2023-11-10 16:42:19', '2023-11-10 16:42:19'),
(180, 24, 180, 'Keerom - (Kabupaten)', '2023-11-10 16:42:19', '2023-11-10 16:42:19'),
(181, 10, 181, 'Kendal - (Kabupaten)', '2023-11-10 16:42:19', '2023-11-10 16:42:19'),
(182, 30, 182, 'Kendari - (Kota)', '2023-11-10 16:42:19', '2023-11-10 16:42:19'),
(183, 4, 183, 'Kepahiang - (Kabupaten)', '2023-11-10 16:42:19', '2023-11-10 16:42:19'),
(184, 17, 184, 'Kepulauan Anambas - (Kabupaten)', '2023-11-10 16:42:19', '2023-11-10 16:42:19'),
(185, 19, 185, 'Kepulauan Aru - (Kabupaten)', '2023-11-10 16:42:19', '2023-11-10 16:42:19'),
(186, 32, 186, 'Kepulauan Mentawai - (Kabupaten)', '2023-11-10 16:42:19', '2023-11-10 16:42:19'),
(187, 26, 187, 'Kepulauan Meranti - (Kabupaten)', '2023-11-10 16:42:19', '2023-11-10 16:42:19'),
(188, 31, 188, 'Kepulauan Sangihe - (Kabupaten)', '2023-11-10 16:42:19', '2023-11-10 16:42:19'),
(189, 6, 189, 'Kepulauan Seribu - (Kabupaten)', '2023-11-10 16:42:19', '2023-11-10 16:42:19'),
(190, 31, 190, 'Kepulauan Siau Tagulandang Biaro (Sitaro) - (Kabupaten)', '2023-11-10 16:42:19', '2023-11-10 16:42:19'),
(191, 20, 191, 'Kepulauan Sula - (Kabupaten)', '2023-11-10 16:42:19', '2023-11-10 16:42:19'),
(192, 31, 192, 'Kepulauan Talaud - (Kabupaten)', '2023-11-10 16:42:19', '2023-11-10 16:42:19'),
(193, 24, 193, 'Kepulauan Yapen (Yapen Waropen) - (Kabupaten)', '2023-11-10 16:42:19', '2023-11-10 16:42:19'),
(194, 8, 194, 'Kerinci - (Kabupaten)', '2023-11-10 16:42:19', '2023-11-10 16:42:19'),
(195, 12, 195, 'Ketapang - (Kabupaten)', '2023-11-10 16:42:19', '2023-11-10 16:42:19'),
(196, 10, 196, 'Klaten - (Kabupaten)', '2023-11-10 16:42:19', '2023-11-10 16:42:19'),
(197, 1, 197, 'Klungkung - (Kabupaten)', '2023-11-10 16:42:19', '2023-11-10 16:42:19'),
(198, 30, 198, 'Kolaka - (Kabupaten)', '2023-11-10 16:42:19', '2023-11-10 16:42:19'),
(199, 30, 199, 'Kolaka Utara - (Kabupaten)', '2023-11-10 16:42:19', '2023-11-10 16:42:19'),
(200, 30, 200, 'Konawe - (Kabupaten)', '2023-11-10 16:42:19', '2023-11-10 16:42:19'),
(201, 30, 201, 'Konawe Selatan - (Kabupaten)', '2023-11-10 16:42:19', '2023-11-10 16:42:19'),
(202, 30, 202, 'Konawe Utara - (Kabupaten)', '2023-11-10 16:42:19', '2023-11-10 16:42:19'),
(203, 13, 203, 'Kotabaru - (Kabupaten)', '2023-11-10 16:42:19', '2023-11-10 16:42:19'),
(204, 31, 204, 'Kotamobagu - (Kota)', '2023-11-10 16:42:19', '2023-11-10 16:42:19'),
(205, 14, 205, 'Kotawaringin Barat - (Kabupaten)', '2023-11-10 16:42:19', '2023-11-10 16:42:19'),
(206, 14, 206, 'Kotawaringin Timur - (Kabupaten)', '2023-11-10 16:42:19', '2023-11-10 16:42:19'),
(207, 26, 207, 'Kuantan Singingi - (Kabupaten)', '2023-11-10 16:42:19', '2023-11-10 16:42:19'),
(208, 12, 208, 'Kubu Raya - (Kabupaten)', '2023-11-10 16:42:19', '2023-11-10 16:42:19'),
(209, 10, 209, 'Kudus - (Kabupaten)', '2023-11-10 16:42:19', '2023-11-10 16:42:19'),
(210, 5, 210, 'Kulon Progo - (Kabupaten)', '2023-11-10 16:42:19', '2023-11-10 16:42:19'),
(211, 9, 211, 'Kuningan - (Kabupaten)', '2023-11-10 16:42:19', '2023-11-10 16:42:19'),
(212, 23, 212, 'Kupang - (Kabupaten)', '2023-11-10 16:42:19', '2023-11-10 16:42:19'),
(213, 23, 213, 'Kupang - (Kota)', '2023-11-10 16:42:19', '2023-11-10 16:42:19'),
(214, 15, 214, 'Kutai Barat - (Kabupaten)', '2023-11-10 16:42:19', '2023-11-10 16:42:19'),
(215, 15, 215, 'Kutai Kartanegara - (Kabupaten)', '2023-11-10 16:42:19', '2023-11-10 16:42:19'),
(216, 15, 216, 'Kutai Timur - (Kabupaten)', '2023-11-10 16:42:19', '2023-11-10 16:42:19'),
(217, 34, 217, 'Labuhan Batu - (Kabupaten)', '2023-11-10 16:42:19', '2023-11-10 16:42:19'),
(218, 34, 218, 'Labuhan Batu Selatan - (Kabupaten)', '2023-11-10 16:42:19', '2023-11-10 16:42:19'),
(219, 34, 219, 'Labuhan Batu Utara - (Kabupaten)', '2023-11-10 16:42:19', '2023-11-10 16:42:19'),
(220, 33, 220, 'Lahat - (Kabupaten)', '2023-11-10 16:42:20', '2023-11-10 16:42:20'),
(221, 14, 221, 'Lamandau - (Kabupaten)', '2023-11-10 16:42:20', '2023-11-10 16:42:20'),
(222, 11, 222, 'Lamongan - (Kabupaten)', '2023-11-10 16:42:20', '2023-11-10 16:42:20'),
(223, 18, 223, 'Lampung Barat - (Kabupaten)', '2023-11-10 16:42:20', '2023-11-10 16:42:20'),
(224, 18, 224, 'Lampung Selatan - (Kabupaten)', '2023-11-10 16:42:20', '2023-11-10 16:42:20'),
(225, 18, 225, 'Lampung Tengah - (Kabupaten)', '2023-11-10 16:42:20', '2023-11-10 16:42:20'),
(226, 18, 226, 'Lampung Timur - (Kabupaten)', '2023-11-10 16:42:20', '2023-11-10 16:42:20'),
(227, 18, 227, 'Lampung Utara - (Kabupaten)', '2023-11-10 16:42:20', '2023-11-10 16:42:20'),
(228, 12, 228, 'Landak - (Kabupaten)', '2023-11-10 16:42:20', '2023-11-10 16:42:20'),
(229, 34, 229, 'Langkat - (Kabupaten)', '2023-11-10 16:42:20', '2023-11-10 16:42:20'),
(230, 21, 230, 'Langsa - (Kota)', '2023-11-10 16:42:20', '2023-11-10 16:42:20'),
(231, 24, 231, 'Lanny Jaya - (Kabupaten)', '2023-11-10 16:42:20', '2023-11-10 16:42:20'),
(232, 3, 232, 'Lebak - (Kabupaten)', '2023-11-10 16:42:20', '2023-11-10 16:42:20'),
(233, 4, 233, 'Lebong - (Kabupaten)', '2023-11-10 16:42:20', '2023-11-10 16:42:20'),
(234, 23, 234, 'Lembata - (Kabupaten)', '2023-11-10 16:42:20', '2023-11-10 16:42:20'),
(235, 21, 235, 'Lhokseumawe - (Kota)', '2023-11-10 16:42:20', '2023-11-10 16:42:20'),
(236, 32, 236, 'Lima Puluh Koto/Kota - (Kabupaten)', '2023-11-10 16:42:20', '2023-11-10 16:42:20'),
(237, 17, 237, 'Lingga - (Kabupaten)', '2023-11-10 16:42:20', '2023-11-10 16:42:20'),
(238, 22, 238, 'Lombok Barat - (Kabupaten)', '2023-11-10 16:42:20', '2023-11-10 16:42:20'),
(239, 22, 239, 'Lombok Tengah - (Kabupaten)', '2023-11-10 16:42:20', '2023-11-10 16:42:20'),
(240, 22, 240, 'Lombok Timur - (Kabupaten)', '2023-11-10 16:42:20', '2023-11-10 16:42:20'),
(241, 22, 241, 'Lombok Utara - (Kabupaten)', '2023-11-10 16:42:20', '2023-11-10 16:42:20'),
(242, 33, 242, 'Lubuk Linggau - (Kota)', '2023-11-10 16:42:20', '2023-11-10 16:42:20'),
(243, 11, 243, 'Lumajang - (Kabupaten)', '2023-11-10 16:42:20', '2023-11-10 16:42:20'),
(244, 28, 244, 'Luwu - (Kabupaten)', '2023-11-10 16:42:20', '2023-11-10 16:42:20'),
(245, 28, 245, 'Luwu Timur - (Kabupaten)', '2023-11-10 16:42:20', '2023-11-10 16:42:20'),
(246, 28, 246, 'Luwu Utara - (Kabupaten)', '2023-11-10 16:42:20', '2023-11-10 16:42:20'),
(247, 11, 247, 'Madiun - (Kabupaten)', '2023-11-10 16:42:20', '2023-11-10 16:42:20'),
(248, 11, 248, 'Madiun - (Kota)', '2023-11-10 16:42:20', '2023-11-10 16:42:20'),
(249, 10, 249, 'Magelang - (Kabupaten)', '2023-11-10 16:42:20', '2023-11-10 16:42:20'),
(250, 10, 250, 'Magelang - (Kota)', '2023-11-10 16:42:20', '2023-11-10 16:42:20'),
(251, 11, 251, 'Magetan - (Kabupaten)', '2023-11-10 16:42:20', '2023-11-10 16:42:20'),
(252, 9, 252, 'Majalengka - (Kabupaten)', '2023-11-10 16:42:20', '2023-11-10 16:42:20'),
(253, 27, 253, 'Majene - (Kabupaten)', '2023-11-10 16:42:20', '2023-11-10 16:42:20'),
(254, 28, 254, 'Makassar - (Kota)', '2023-11-10 16:42:20', '2023-11-10 16:42:20'),
(255, 11, 255, 'Malang - (Kabupaten)', '2023-11-10 16:42:20', '2023-11-10 16:42:20'),
(256, 11, 256, 'Malang - (Kota)', '2023-11-10 16:42:20', '2023-11-10 16:42:20'),
(257, 16, 257, 'Malinau - (Kabupaten)', '2023-11-10 16:42:20', '2023-11-10 16:42:20'),
(258, 19, 258, 'Maluku Barat Daya - (Kabupaten)', '2023-11-10 16:42:20', '2023-11-10 16:42:20'),
(259, 19, 259, 'Maluku Tengah - (Kabupaten)', '2023-11-10 16:42:20', '2023-11-10 16:42:20'),
(260, 19, 260, 'Maluku Tenggara - (Kabupaten)', '2023-11-10 16:42:20', '2023-11-10 16:42:20'),
(261, 19, 261, 'Maluku Tenggara Barat - (Kabupaten)', '2023-11-10 16:42:20', '2023-11-10 16:42:20'),
(262, 27, 262, 'Mamasa - (Kabupaten)', '2023-11-10 16:42:20', '2023-11-10 16:42:20'),
(263, 24, 263, 'Mamberamo Raya - (Kabupaten)', '2023-11-10 16:42:20', '2023-11-10 16:42:20'),
(264, 24, 264, 'Mamberamo Tengah - (Kabupaten)', '2023-11-10 16:42:20', '2023-11-10 16:42:20'),
(265, 27, 265, 'Mamuju - (Kabupaten)', '2023-11-10 16:42:20', '2023-11-10 16:42:20'),
(266, 27, 266, 'Mamuju Utara - (Kabupaten)', '2023-11-10 16:42:20', '2023-11-10 16:42:20'),
(267, 31, 267, 'Manado - (Kota)', '2023-11-10 16:42:20', '2023-11-10 16:42:20'),
(268, 34, 268, 'Mandailing Natal - (Kabupaten)', '2023-11-10 16:42:20', '2023-11-10 16:42:20'),
(269, 23, 269, 'Manggarai - (Kabupaten)', '2023-11-10 16:42:20', '2023-11-10 16:42:20'),
(270, 23, 270, 'Manggarai Barat - (Kabupaten)', '2023-11-10 16:42:20', '2023-11-10 16:42:20'),
(271, 23, 271, 'Manggarai Timur - (Kabupaten)', '2023-11-10 16:42:20', '2023-11-10 16:42:20'),
(272, 25, 272, 'Manokwari - (Kabupaten)', '2023-11-10 16:42:20', '2023-11-10 16:42:20'),
(273, 25, 273, 'Manokwari Selatan - (Kabupaten)', '2023-11-10 16:42:20', '2023-11-10 16:42:20'),
(274, 24, 274, 'Mappi - (Kabupaten)', '2023-11-10 16:42:20', '2023-11-10 16:42:20'),
(275, 28, 275, 'Maros - (Kabupaten)', '2023-11-10 16:42:20', '2023-11-10 16:42:20'),
(276, 22, 276, 'Mataram - (Kota)', '2023-11-10 16:42:20', '2023-11-10 16:42:20'),
(277, 25, 277, 'Maybrat - (Kabupaten)', '2023-11-10 16:42:20', '2023-11-10 16:42:20'),
(278, 34, 278, 'Medan - (Kota)', '2023-11-10 16:42:20', '2023-11-10 16:42:20'),
(279, 12, 279, 'Melawi - (Kabupaten)', '2023-11-10 16:42:20', '2023-11-10 16:42:20'),
(280, 8, 280, 'Merangin - (Kabupaten)', '2023-11-10 16:42:20', '2023-11-10 16:42:20'),
(281, 24, 281, 'Merauke - (Kabupaten)', '2023-11-10 16:42:20', '2023-11-10 16:42:20'),
(282, 18, 282, 'Mesuji - (Kabupaten)', '2023-11-10 16:42:20', '2023-11-10 16:42:20'),
(283, 18, 283, 'Metro - (Kota)', '2023-11-10 16:42:20', '2023-11-10 16:42:20'),
(284, 24, 284, 'Mimika - (Kabupaten)', '2023-11-10 16:42:20', '2023-11-10 16:42:20'),
(285, 31, 285, 'Minahasa - (Kabupaten)', '2023-11-10 16:42:20', '2023-11-10 16:42:20'),
(286, 31, 286, 'Minahasa Selatan - (Kabupaten)', '2023-11-10 16:42:20', '2023-11-10 16:42:20'),
(287, 31, 287, 'Minahasa Tenggara - (Kabupaten)', '2023-11-10 16:42:20', '2023-11-10 16:42:20'),
(288, 31, 288, 'Minahasa Utara - (Kabupaten)', '2023-11-10 16:42:20', '2023-11-10 16:42:20'),
(289, 11, 289, 'Mojokerto - (Kabupaten)', '2023-11-10 16:42:20', '2023-11-10 16:42:20'),
(290, 11, 290, 'Mojokerto - (Kota)', '2023-11-10 16:42:20', '2023-11-10 16:42:20'),
(291, 29, 291, 'Morowali - (Kabupaten)', '2023-11-10 16:42:20', '2023-11-10 16:42:20'),
(292, 33, 292, 'Muara Enim - (Kabupaten)', '2023-11-10 16:42:20', '2023-11-10 16:42:20'),
(293, 8, 293, 'Muaro Jambi - (Kabupaten)', '2023-11-10 16:42:20', '2023-11-10 16:42:20'),
(294, 4, 294, 'Muko Muko - (Kabupaten)', '2023-11-10 16:42:20', '2023-11-10 16:42:20'),
(295, 30, 295, 'Muna - (Kabupaten)', '2023-11-10 16:42:20', '2023-11-10 16:42:20'),
(296, 14, 296, 'Murung Raya - (Kabupaten)', '2023-11-10 16:42:20', '2023-11-10 16:42:20'),
(297, 33, 297, 'Musi Banyuasin - (Kabupaten)', '2023-11-10 16:42:20', '2023-11-10 16:42:20'),
(298, 33, 298, 'Musi Rawas - (Kabupaten)', '2023-11-10 16:42:20', '2023-11-10 16:42:20'),
(299, 24, 299, 'Nabire - (Kabupaten)', '2023-11-10 16:42:20', '2023-11-10 16:42:20'),
(300, 21, 300, 'Nagan Raya - (Kabupaten)', '2023-11-10 16:42:20', '2023-11-10 16:42:20'),
(301, 23, 301, 'Nagekeo - (Kabupaten)', '2023-11-10 16:42:20', '2023-11-10 16:42:20'),
(302, 17, 302, 'Natuna - (Kabupaten)', '2023-11-10 16:42:20', '2023-11-10 16:42:20'),
(303, 24, 303, 'Nduga - (Kabupaten)', '2023-11-10 16:42:20', '2023-11-10 16:42:20'),
(304, 23, 304, 'Ngada - (Kabupaten)', '2023-11-10 16:42:20', '2023-11-10 16:42:20'),
(305, 11, 305, 'Nganjuk - (Kabupaten)', '2023-11-10 16:42:20', '2023-11-10 16:42:20'),
(306, 11, 306, 'Ngawi - (Kabupaten)', '2023-11-10 16:42:20', '2023-11-10 16:42:20'),
(307, 34, 307, 'Nias - (Kabupaten)', '2023-11-10 16:42:20', '2023-11-10 16:42:20'),
(308, 34, 308, 'Nias Barat - (Kabupaten)', '2023-11-10 16:42:20', '2023-11-10 16:42:20'),
(309, 34, 309, 'Nias Selatan - (Kabupaten)', '2023-11-10 16:42:20', '2023-11-10 16:42:20'),
(310, 34, 310, 'Nias Utara - (Kabupaten)', '2023-11-10 16:42:20', '2023-11-10 16:42:20'),
(311, 16, 311, 'Nunukan - (Kabupaten)', '2023-11-10 16:42:20', '2023-11-10 16:42:20'),
(312, 33, 312, 'Ogan Ilir - (Kabupaten)', '2023-11-10 16:42:20', '2023-11-10 16:42:20'),
(313, 33, 313, 'Ogan Komering Ilir - (Kabupaten)', '2023-11-10 16:42:20', '2023-11-10 16:42:20'),
(314, 33, 314, 'Ogan Komering Ulu - (Kabupaten)', '2023-11-10 16:42:20', '2023-11-10 16:42:20'),
(315, 33, 315, 'Ogan Komering Ulu Selatan - (Kabupaten)', '2023-11-10 16:42:20', '2023-11-10 16:42:20'),
(316, 33, 316, 'Ogan Komering Ulu Timur - (Kabupaten)', '2023-11-10 16:42:20', '2023-11-10 16:42:20'),
(317, 11, 317, 'Pacitan - (Kabupaten)', '2023-11-10 16:42:20', '2023-11-10 16:42:20'),
(318, 32, 318, 'Padang - (Kota)', '2023-11-10 16:42:20', '2023-11-10 16:42:20'),
(319, 34, 319, 'Padang Lawas - (Kabupaten)', '2023-11-10 16:42:20', '2023-11-10 16:42:20'),
(320, 34, 320, 'Padang Lawas Utara - (Kabupaten)', '2023-11-10 16:42:20', '2023-11-10 16:42:20'),
(321, 32, 321, 'Padang Panjang - (Kota)', '2023-11-10 16:42:20', '2023-11-10 16:42:20'),
(322, 32, 322, 'Padang Pariaman - (Kabupaten)', '2023-11-10 16:42:20', '2023-11-10 16:42:20'),
(323, 34, 323, 'Padang Sidempuan - (Kota)', '2023-11-10 16:42:20', '2023-11-10 16:42:20'),
(324, 33, 324, 'Pagar Alam - (Kota)', '2023-11-10 16:42:20', '2023-11-10 16:42:20'),
(325, 34, 325, 'Pakpak Bharat - (Kabupaten)', '2023-11-10 16:42:20', '2023-11-10 16:42:20'),
(326, 14, 326, 'Palangka Raya - (Kota)', '2023-11-10 16:42:20', '2023-11-10 16:42:20'),
(327, 33, 327, 'Palembang - (Kota)', '2023-11-10 16:42:20', '2023-11-10 16:42:20'),
(328, 28, 328, 'Palopo - (Kota)', '2023-11-10 16:42:20', '2023-11-10 16:42:20'),
(329, 29, 329, 'Palu - (Kota)', '2023-11-10 16:42:20', '2023-11-10 16:42:20'),
(330, 11, 330, 'Pamekasan - (Kabupaten)', '2023-11-10 16:42:20', '2023-11-10 16:42:20'),
(331, 3, 331, 'Pandeglang - (Kabupaten)', '2023-11-10 16:42:20', '2023-11-10 16:42:20'),
(332, 9, 332, 'Pangandaran - (Kabupaten)', '2023-11-10 16:42:20', '2023-11-10 16:42:20'),
(333, 28, 333, 'Pangkajene Kepulauan - (Kabupaten)', '2023-11-10 16:42:20', '2023-11-10 16:42:20'),
(334, 2, 334, 'Pangkal Pinang - (Kota)', '2023-11-10 16:42:20', '2023-11-10 16:42:20'),
(335, 24, 335, 'Paniai - (Kabupaten)', '2023-11-10 16:42:20', '2023-11-10 16:42:20'),
(336, 28, 336, 'Parepare - (Kota)', '2023-11-10 16:42:20', '2023-11-10 16:42:20'),
(337, 32, 337, 'Pariaman - (Kota)', '2023-11-10 16:42:20', '2023-11-10 16:42:20'),
(338, 29, 338, 'Parigi Moutong - (Kabupaten)', '2023-11-10 16:42:20', '2023-11-10 16:42:20'),
(339, 32, 339, 'Pasaman - (Kabupaten)', '2023-11-10 16:42:20', '2023-11-10 16:42:20'),
(340, 32, 340, 'Pasaman Barat - (Kabupaten)', '2023-11-10 16:42:20', '2023-11-10 16:42:20'),
(341, 15, 341, 'Paser - (Kabupaten)', '2023-11-10 16:42:20', '2023-11-10 16:42:20'),
(342, 11, 342, 'Pasuruan - (Kabupaten)', '2023-11-10 16:42:20', '2023-11-10 16:42:20'),
(343, 11, 343, 'Pasuruan - (Kota)', '2023-11-10 16:42:20', '2023-11-10 16:42:20'),
(344, 10, 344, 'Pati - (Kabupaten)', '2023-11-10 16:42:20', '2023-11-10 16:42:20'),
(345, 32, 345, 'Payakumbuh - (Kota)', '2023-11-10 16:42:20', '2023-11-10 16:42:20'),
(346, 25, 346, 'Pegunungan Arfak - (Kabupaten)', '2023-11-10 16:42:20', '2023-11-10 16:42:20'),
(347, 24, 347, 'Pegunungan Bintang - (Kabupaten)', '2023-11-10 16:42:20', '2023-11-10 16:42:20'),
(348, 10, 348, 'Pekalongan - (Kabupaten)', '2023-11-10 16:42:20', '2023-11-10 16:42:20'),
(349, 10, 349, 'Pekalongan - (Kota)', '2023-11-10 16:42:20', '2023-11-10 16:42:20'),
(350, 26, 350, 'Pekanbaru - (Kota)', '2023-11-10 16:42:20', '2023-11-10 16:42:20'),
(351, 26, 351, 'Pelalawan - (Kabupaten)', '2023-11-10 16:42:20', '2023-11-10 16:42:20'),
(352, 10, 352, 'Pemalang - (Kabupaten)', '2023-11-10 16:42:20', '2023-11-10 16:42:20'),
(353, 34, 353, 'Pematang Siantar - (Kota)', '2023-11-10 16:42:20', '2023-11-10 16:42:20'),
(354, 15, 354, 'Penajam Paser Utara - (Kabupaten)', '2023-11-10 16:42:20', '2023-11-10 16:42:20'),
(355, 18, 355, 'Pesawaran - (Kabupaten)', '2023-11-10 16:42:20', '2023-11-10 16:42:20'),
(356, 18, 356, 'Pesisir Barat - (Kabupaten)', '2023-11-10 16:42:20', '2023-11-10 16:42:20'),
(357, 32, 357, 'Pesisir Selatan - (Kabupaten)', '2023-11-10 16:42:20', '2023-11-10 16:42:20'),
(358, 21, 358, 'Pidie - (Kabupaten)', '2023-11-10 16:42:20', '2023-11-10 16:42:20'),
(359, 21, 359, 'Pidie Jaya - (Kabupaten)', '2023-11-10 16:42:20', '2023-11-10 16:42:20'),
(360, 28, 360, 'Pinrang - (Kabupaten)', '2023-11-10 16:42:20', '2023-11-10 16:42:20'),
(361, 7, 361, 'Pohuwato - (Kabupaten)', '2023-11-10 16:42:20', '2023-11-10 16:42:20'),
(362, 27, 362, 'Polewali Mandar - (Kabupaten)', '2023-11-10 16:42:20', '2023-11-10 16:42:20'),
(363, 11, 363, 'Ponorogo - (Kabupaten)', '2023-11-10 16:42:20', '2023-11-10 16:42:20'),
(364, 12, 364, 'Pontianak - (Kabupaten)', '2023-11-10 16:42:20', '2023-11-10 16:42:20'),
(365, 12, 365, 'Pontianak - (Kota)', '2023-11-10 16:42:20', '2023-11-10 16:42:20'),
(366, 29, 366, 'Poso - (Kabupaten)', '2023-11-10 16:42:20', '2023-11-10 16:42:20'),
(367, 33, 367, 'Prabumulih - (Kota)', '2023-11-10 16:42:20', '2023-11-10 16:42:20'),
(368, 18, 368, 'Pringsewu - (Kabupaten)', '2023-11-10 16:42:20', '2023-11-10 16:42:20'),
(369, 11, 369, 'Probolinggo - (Kabupaten)', '2023-11-10 16:42:20', '2023-11-10 16:42:20'),
(370, 11, 370, 'Probolinggo - (Kota)', '2023-11-10 16:42:20', '2023-11-10 16:42:20'),
(371, 14, 371, 'Pulang Pisau - (Kabupaten)', '2023-11-10 16:42:20', '2023-11-10 16:42:20'),
(372, 20, 372, 'Pulau Morotai - (Kabupaten)', '2023-11-10 16:42:20', '2023-11-10 16:42:20'),
(373, 24, 373, 'Puncak - (Kabupaten)', '2023-11-10 16:42:20', '2023-11-10 16:42:20'),
(374, 24, 374, 'Puncak Jaya - (Kabupaten)', '2023-11-10 16:42:20', '2023-11-10 16:42:20'),
(375, 10, 375, 'Purbalingga - (Kabupaten)', '2023-11-10 16:42:20', '2023-11-10 16:42:20'),
(376, 9, 376, 'Purwakarta - (Kabupaten)', '2023-11-10 16:42:20', '2023-11-10 16:42:20'),
(377, 10, 377, 'Purworejo - (Kabupaten)', '2023-11-10 16:42:20', '2023-11-10 16:42:20'),
(378, 25, 378, 'Raja Ampat - (Kabupaten)', '2023-11-10 16:42:20', '2023-11-10 16:42:20'),
(379, 4, 379, 'Rejang Lebong - (Kabupaten)', '2023-11-10 16:42:20', '2023-11-10 16:42:20'),
(380, 10, 380, 'Rembang - (Kabupaten)', '2023-11-10 16:42:20', '2023-11-10 16:42:20'),
(381, 26, 381, 'Rokan Hilir - (Kabupaten)', '2023-11-10 16:42:20', '2023-11-10 16:42:20'),
(382, 26, 382, 'Rokan Hulu - (Kabupaten)', '2023-11-10 16:42:20', '2023-11-10 16:42:20'),
(383, 23, 383, 'Rote Ndao - (Kabupaten)', '2023-11-10 16:42:20', '2023-11-10 16:42:20'),
(384, 21, 384, 'Sabang - (Kota)', '2023-11-10 16:42:20', '2023-11-10 16:42:20'),
(385, 23, 385, 'Sabu Raijua - (Kabupaten)', '2023-11-10 16:42:20', '2023-11-10 16:42:20'),
(386, 10, 386, 'Salatiga - (Kota)', '2023-11-10 16:42:20', '2023-11-10 16:42:20'),
(387, 15, 387, 'Samarinda - (Kota)', '2023-11-10 16:42:20', '2023-11-10 16:42:20'),
(388, 12, 388, 'Sambas - (Kabupaten)', '2023-11-10 16:42:20', '2023-11-10 16:42:20'),
(389, 34, 389, 'Samosir - (Kabupaten)', '2023-11-10 16:42:20', '2023-11-10 16:42:20'),
(390, 11, 390, 'Sampang - (Kabupaten)', '2023-11-10 16:42:20', '2023-11-10 16:42:20'),
(391, 12, 391, 'Sanggau - (Kabupaten)', '2023-11-10 16:42:20', '2023-11-10 16:42:20'),
(392, 24, 392, 'Sarmi - (Kabupaten)', '2023-11-10 16:42:20', '2023-11-10 16:42:20'),
(393, 8, 393, 'Sarolangun - (Kabupaten)', '2023-11-10 16:42:20', '2023-11-10 16:42:20'),
(394, 32, 394, 'Sawah Lunto - (Kota)', '2023-11-10 16:42:20', '2023-11-10 16:42:20'),
(395, 12, 395, 'Sekadau - (Kabupaten)', '2023-11-10 16:42:20', '2023-11-10 16:42:20'),
(396, 28, 396, 'Selayar (Kepulauan Selayar) - (Kabupaten)', '2023-11-10 16:42:20', '2023-11-10 16:42:20'),
(397, 4, 397, 'Seluma - (Kabupaten)', '2023-11-10 16:42:20', '2023-11-10 16:42:20'),
(398, 10, 398, 'Semarang - (Kabupaten)', '2023-11-10 16:42:20', '2023-11-10 16:42:20'),
(399, 10, 399, 'Semarang - (Kota)', '2023-11-10 16:42:20', '2023-11-10 16:42:20'),
(400, 19, 400, 'Seram Bagian Barat - (Kabupaten)', '2023-11-10 16:42:20', '2023-11-10 16:42:20'),
(401, 19, 401, 'Seram Bagian Timur - (Kabupaten)', '2023-11-10 16:42:20', '2023-11-10 16:42:20'),
(402, 3, 402, 'Serang - (Kabupaten)', '2023-11-10 16:42:20', '2023-11-10 16:42:20'),
(403, 3, 403, 'Serang - (Kota)', '2023-11-10 16:42:20', '2023-11-10 16:42:20'),
(404, 34, 404, 'Serdang Bedagai - (Kabupaten)', '2023-11-10 16:42:20', '2023-11-10 16:42:20'),
(405, 14, 405, 'Seruyan - (Kabupaten)', '2023-11-10 16:42:20', '2023-11-10 16:42:20'),
(406, 26, 406, 'Siak - (Kabupaten)', '2023-11-10 16:42:20', '2023-11-10 16:42:20'),
(407, 34, 407, 'Sibolga - (Kota)', '2023-11-10 16:42:20', '2023-11-10 16:42:20'),
(408, 28, 408, 'Sidenreng Rappang/Rapang - (Kabupaten)', '2023-11-10 16:42:20', '2023-11-10 16:42:20'),
(409, 11, 409, 'Sidoarjo - (Kabupaten)', '2023-11-10 16:42:20', '2023-11-10 16:42:20'),
(410, 29, 410, 'Sigi - (Kabupaten)', '2023-11-10 16:42:20', '2023-11-10 16:42:20'),
(411, 32, 411, 'Sijunjung (Sawah Lunto Sijunjung) - (Kabupaten)', '2023-11-10 16:42:20', '2023-11-10 16:42:20'),
(412, 23, 412, 'Sikka - (Kabupaten)', '2023-11-10 16:42:20', '2023-11-10 16:42:20'),
(413, 34, 413, 'Simalungun - (Kabupaten)', '2023-11-10 16:42:20', '2023-11-10 16:42:20'),
(414, 21, 414, 'Simeulue - (Kabupaten)', '2023-11-10 16:42:20', '2023-11-10 16:42:20'),
(415, 12, 415, 'Singkawang - (Kota)', '2023-11-10 16:42:20', '2023-11-10 16:42:20'),
(416, 28, 416, 'Sinjai - (Kabupaten)', '2023-11-10 16:42:20', '2023-11-10 16:42:20'),
(417, 12, 417, 'Sintang - (Kabupaten)', '2023-11-10 16:42:20', '2023-11-10 16:42:20'),
(418, 11, 418, 'Situbondo - (Kabupaten)', '2023-11-10 16:42:20', '2023-11-10 16:42:20'),
(419, 5, 419, 'Sleman - (Kabupaten)', '2023-11-10 16:42:20', '2023-11-10 16:42:20'),
(420, 32, 420, 'Solok - (Kabupaten)', '2023-11-10 16:42:20', '2023-11-10 16:42:20'),
(421, 32, 421, 'Solok - (Kota)', '2023-11-10 16:42:20', '2023-11-10 16:42:20'),
(422, 32, 422, 'Solok Selatan - (Kabupaten)', '2023-11-10 16:42:20', '2023-11-10 16:42:20'),
(423, 28, 423, 'Soppeng - (Kabupaten)', '2023-11-10 16:42:20', '2023-11-10 16:42:20'),
(424, 25, 424, 'Sorong - (Kabupaten)', '2023-11-10 16:42:20', '2023-11-10 16:42:20'),
(425, 25, 425, 'Sorong - (Kota)', '2023-11-10 16:42:20', '2023-11-10 16:42:20'),
(426, 25, 426, 'Sorong Selatan - (Kabupaten)', '2023-11-10 16:42:20', '2023-11-10 16:42:20'),
(427, 10, 427, 'Sragen - (Kabupaten)', '2023-11-10 16:42:20', '2023-11-10 16:42:20'),
(428, 9, 428, 'Subang - (Kabupaten)', '2023-11-10 16:42:20', '2023-11-10 16:42:20'),
(429, 21, 429, 'Subulussalam - (Kota)', '2023-11-10 16:42:20', '2023-11-10 16:42:20'),
(430, 9, 430, 'Sukabumi - (Kabupaten)', '2023-11-10 16:42:20', '2023-11-10 16:42:20'),
(431, 9, 431, 'Sukabumi - (Kota)', '2023-11-10 16:42:20', '2023-11-10 16:42:20'),
(432, 14, 432, 'Sukamara - (Kabupaten)', '2023-11-10 16:42:20', '2023-11-10 16:42:20'),
(433, 10, 433, 'Sukoharjo - (Kabupaten)', '2023-11-10 16:42:20', '2023-11-10 16:42:20'),
(434, 23, 434, 'Sumba Barat - (Kabupaten)', '2023-11-10 16:42:20', '2023-11-10 16:42:20'),
(435, 23, 435, 'Sumba Barat Daya - (Kabupaten)', '2023-11-10 16:42:20', '2023-11-10 16:42:20'),
(436, 23, 436, 'Sumba Tengah - (Kabupaten)', '2023-11-10 16:42:20', '2023-11-10 16:42:20'),
(437, 23, 437, 'Sumba Timur - (Kabupaten)', '2023-11-10 16:42:20', '2023-11-10 16:42:20'),
(438, 22, 438, 'Sumbawa - (Kabupaten)', '2023-11-10 16:42:20', '2023-11-10 16:42:20'),
(439, 22, 439, 'Sumbawa Barat - (Kabupaten)', '2023-11-10 16:42:20', '2023-11-10 16:42:20'),
(440, 9, 440, 'Sumedang - (Kabupaten)', '2023-11-10 16:42:20', '2023-11-10 16:42:20'),
(441, 11, 441, 'Sumenep - (Kabupaten)', '2023-11-10 16:42:20', '2023-11-10 16:42:20'),
(442, 8, 442, 'Sungaipenuh - (Kota)', '2023-11-10 16:42:20', '2023-11-10 16:42:20'),
(443, 24, 443, 'Supiori - (Kabupaten)', '2023-11-10 16:42:20', '2023-11-10 16:42:20'),
(444, 11, 444, 'Surabaya - (Kota)', '2023-11-10 16:42:20', '2023-11-10 16:42:20'),
(445, 10, 445, 'Surakarta (Solo) - (Kota)', '2023-11-10 16:42:20', '2023-11-10 16:42:20'),
(446, 13, 446, 'Tabalong - (Kabupaten)', '2023-11-10 16:42:20', '2023-11-10 16:42:20'),
(447, 1, 447, 'Tabanan - (Kabupaten)', '2023-11-10 16:42:20', '2023-11-10 16:42:20'),
(448, 28, 448, 'Takalar - (Kabupaten)', '2023-11-10 16:42:20', '2023-11-10 16:42:20'),
(449, 25, 449, 'Tambrauw - (Kabupaten)', '2023-11-10 16:42:20', '2023-11-10 16:42:20'),
(450, 16, 450, 'Tana Tidung - (Kabupaten)', '2023-11-10 16:42:20', '2023-11-10 16:42:20'),
(451, 28, 451, 'Tana Toraja - (Kabupaten)', '2023-11-10 16:42:20', '2023-11-10 16:42:20'),
(452, 13, 452, 'Tanah Bumbu - (Kabupaten)', '2023-11-10 16:42:20', '2023-11-10 16:42:20'),
(453, 32, 453, 'Tanah Datar - (Kabupaten)', '2023-11-10 16:42:20', '2023-11-10 16:42:20'),
(454, 13, 454, 'Tanah Laut - (Kabupaten)', '2023-11-10 16:42:20', '2023-11-10 16:42:20'),
(455, 3, 455, 'Tangerang - (Kabupaten)', '2023-11-10 16:42:20', '2023-11-10 16:42:20'),
(456, 3, 456, 'Tangerang - (Kota)', '2023-11-10 16:42:20', '2023-11-10 16:42:20'),
(457, 3, 457, 'Tangerang Selatan - (Kota)', '2023-11-10 16:42:20', '2023-11-10 16:42:20'),
(458, 18, 458, 'Tanggamus - (Kabupaten)', '2023-11-10 16:42:20', '2023-11-10 16:42:20'),
(459, 34, 459, 'Tanjung Balai - (Kota)', '2023-11-10 16:42:20', '2023-11-10 16:42:20'),
(460, 8, 460, 'Tanjung Jabung Barat - (Kabupaten)', '2023-11-10 16:42:20', '2023-11-10 16:42:20'),
(461, 8, 461, 'Tanjung Jabung Timur - (Kabupaten)', '2023-11-10 16:42:20', '2023-11-10 16:42:20'),
(462, 17, 462, 'Tanjung Pinang - (Kota)', '2023-11-10 16:42:20', '2023-11-10 16:42:20'),
(463, 34, 463, 'Tapanuli Selatan - (Kabupaten)', '2023-11-10 16:42:20', '2023-11-10 16:42:20'),
(464, 34, 464, 'Tapanuli Tengah - (Kabupaten)', '2023-11-10 16:42:20', '2023-11-10 16:42:20'),
(465, 34, 465, 'Tapanuli Utara - (Kabupaten)', '2023-11-10 16:42:20', '2023-11-10 16:42:20'),
(466, 13, 466, 'Tapin - (Kabupaten)', '2023-11-10 16:42:20', '2023-11-10 16:42:20'),
(467, 16, 467, 'Tarakan - (Kota)', '2023-11-10 16:42:20', '2023-11-10 16:42:20'),
(468, 9, 468, 'Tasikmalaya - (Kabupaten)', '2023-11-10 16:42:20', '2023-11-10 16:42:20'),
(469, 9, 469, 'Tasikmalaya - (Kota)', '2023-11-10 16:42:20', '2023-11-10 16:42:20'),
(470, 34, 470, 'Tebing Tinggi - (Kota)', '2023-11-10 16:42:20', '2023-11-10 16:42:20'),
(471, 8, 471, 'Tebo - (Kabupaten)', '2023-11-10 16:42:20', '2023-11-10 16:42:20'),
(472, 10, 472, 'Tegal - (Kabupaten)', '2023-11-10 16:42:20', '2023-11-10 16:42:20'),
(473, 10, 473, 'Tegal - (Kota)', '2023-11-10 16:42:20', '2023-11-10 16:42:20'),
(474, 25, 474, 'Teluk Bintuni - (Kabupaten)', '2023-11-10 16:42:20', '2023-11-10 16:42:20'),
(475, 25, 475, 'Teluk Wondama - (Kabupaten)', '2023-11-10 16:42:20', '2023-11-10 16:42:20'),
(476, 10, 476, 'Temanggung - (Kabupaten)', '2023-11-10 16:42:20', '2023-11-10 16:42:20'),
(477, 20, 477, 'Ternate - (Kota)', '2023-11-10 16:42:20', '2023-11-10 16:42:20'),
(478, 20, 478, 'Tidore Kepulauan - (Kota)', '2023-11-10 16:42:20', '2023-11-10 16:42:20'),
(479, 23, 479, 'Timor Tengah Selatan - (Kabupaten)', '2023-11-10 16:42:20', '2023-11-10 16:42:20'),
(480, 23, 480, 'Timor Tengah Utara - (Kabupaten)', '2023-11-10 16:42:20', '2023-11-10 16:42:20'),
(481, 34, 481, 'Toba Samosir - (Kabupaten)', '2023-11-10 16:42:20', '2023-11-10 16:42:20'),
(482, 29, 482, 'Tojo Una-Una - (Kabupaten)', '2023-11-10 16:42:20', '2023-11-10 16:42:20'),
(483, 29, 483, 'Toli-Toli - (Kabupaten)', '2023-11-10 16:42:20', '2023-11-10 16:42:20'),
(484, 24, 484, 'Tolikara - (Kabupaten)', '2023-11-10 16:42:20', '2023-11-10 16:42:20'),
(485, 31, 485, 'Tomohon - (Kota)', '2023-11-10 16:42:20', '2023-11-10 16:42:20'),
(486, 28, 486, 'Toraja Utara - (Kabupaten)', '2023-11-10 16:42:20', '2023-11-10 16:42:20'),
(487, 11, 487, 'Trenggalek - (Kabupaten)', '2023-11-10 16:42:20', '2023-11-10 16:42:20'),
(488, 19, 488, 'Tual - (Kota)', '2023-11-10 16:42:20', '2023-11-10 16:42:20'),
(489, 11, 489, 'Tuban - (Kabupaten)', '2023-11-10 16:42:20', '2023-11-10 16:42:20'),
(490, 18, 490, 'Tulang Bawang - (Kabupaten)', '2023-11-10 16:42:20', '2023-11-10 16:42:20'),
(491, 18, 491, 'Tulang Bawang Barat - (Kabupaten)', '2023-11-10 16:42:20', '2023-11-10 16:42:20'),
(492, 11, 492, 'Tulungagung - (Kabupaten)', '2023-11-10 16:42:20', '2023-11-10 16:42:20'),
(493, 28, 493, 'Wajo - (Kabupaten)', '2023-11-10 16:42:20', '2023-11-10 16:42:20'),
(494, 30, 494, 'Wakatobi - (Kabupaten)', '2023-11-10 16:42:20', '2023-11-10 16:42:20'),
(495, 24, 495, 'Waropen - (Kabupaten)', '2023-11-10 16:42:20', '2023-11-10 16:42:20'),
(496, 18, 496, 'Way Kanan - (Kabupaten)', '2023-11-10 16:42:20', '2023-11-10 16:42:20'),
(497, 10, 497, 'Wonogiri - (Kabupaten)', '2023-11-10 16:42:20', '2023-11-10 16:42:20'),
(498, 10, 498, 'Wonosobo - (Kabupaten)', '2023-11-10 16:42:20', '2023-11-10 16:42:20'),
(499, 24, 499, 'Yahukimo - (Kabupaten)', '2023-11-10 16:42:20', '2023-11-10 16:42:20'),
(500, 24, 500, 'Yalimo - (Kabupaten)', '2023-11-10 16:42:20', '2023-11-10 16:42:20'),
(501, 5, 501, 'Yogyakarta - (Kota)', '2023-11-10 16:42:20', '2023-11-10 16:42:20');

-- --------------------------------------------------------

--
-- Table structure for table `customers`
--

CREATE TABLE `customers` (
  `id` bigint UNSIGNED NOT NULL,
  `name` varchar(255) COLLATE utf8mb4_unicode_ci NOT NULL,
  `email` varchar(255) COLLATE utf8mb4_unicode_ci NOT NULL,
  `email_verified_at` timestamp NULL DEFAULT NULL,
  `password` varchar(255) COLLATE utf8mb4_unicode_ci NOT NULL,
  `remember_token` varchar(100) COLLATE utf8mb4_unicode_ci DEFAULT NULL,
  `created_at` timestamp NULL DEFAULT NULL,
  `updated_at` timestamp NULL DEFAULT NULL
) ENGINE=InnoDB DEFAULT CHARSET=utf8mb4 COLLATE=utf8mb4_unicode_ci;

--
-- Dumping data for table `customers`
--

INSERT INTO `customers` (`id`, `name`, `email`, `email_verified_at`, `password`, `remember_token`, `created_at`, `updated_at`) VALUES
(1, 'Aditya', 'aditya@gmail.com', NULL, '$2y$10$4JA4WDY1/vZz88Zzt0qKJeqm8L25eLwmARWJu/lxOg1J9eAxwCZAi', NULL, '2023-11-10 11:33:07', '2023-11-10 11:33:07'),
(2, 'Aditya2', 'adityaps@gmail.com', NULL, '$2y$10$R9I1qeuX6LyJANSH2YGGHeLc.VPSi6wvMHWQwovilt.26PiqNS5JG', NULL, '2023-11-10 11:34:42', '2023-11-10 11:34:42'),
(3, 'Aditya3', 'adityaps3@gmail.com', NULL, '$2y$10$bMwkcrPNpIxWSXFmkrHE7e4e8kzm8kv.jytov9tqh15Qaiw4dV3Cq', NULL, '2023-11-10 11:38:01', '2023-11-10 11:38:01'),
(5, 'Aditya4', 'adityaps4@gmail.com', NULL, '$2y$10$kFcWjAW3d5fFdhk/sanise3SnmH87E682G8FcdqV20M7U0hiqMCsu', NULL, '2023-11-10 11:47:20', '2023-11-10 11:47:20'),
(6, 'Aditya5', 'adityaps5@gmail.com', NULL, '$2y$10$keys9cHo5JyHsx40JaaRG.sead6qMPZAbwGrJbvR9RkHdW9iftKMu', NULL, '2023-11-10 11:58:18', '2023-11-10 11:58:18'),
(7, 'Aditya6', 'adityaps6@gmail.com', NULL, '$2y$10$cKF1Sj.zA73w432hc.qYKujsjRiPrfwLa/g75WsuWM60CWX1ARUS2', NULL, '2023-11-10 12:02:48', '2023-11-10 12:02:48'),
(8, 'Aditya7', 'adityaps7@gmail.com', NULL, '$2y$10$wJKmvvhuOMAOTDx/jDG/sO7O.gqUtNV9.lbsAXTZ75A/skSTvE/72', NULL, '2023-11-10 12:13:01', '2023-11-10 12:13:01'),
(9, 'Aditya8', 'adityaps8@gmail.com', NULL, '$2y$10$rMZSSckYUJPq4WiX7vpziOi115xFYbcLnMEZ3Jh.bH5W4COgXxV6G', NULL, '2023-11-10 12:13:24', '2023-11-10 12:13:24'),
(10, 'Aditya8', 'adityaps10@gmail.com', NULL, '$2y$10$J4GoTZ/bdBx7oTT/BTlOvuTtWVuzFa8KT04r7MhWn5sZKraMllgie', NULL, '2023-11-10 12:42:58', '2023-11-10 12:42:58'),
(11, 'adityapratamas', 'adityapstest@gmail.com', NULL, '$2y$10$ey4Zh2OJEz81BrINPO2w3.OgxtRww5mCaBgGLEjwUa6xpTxGS5enC', NULL, '2023-12-03 23:49:31', '2023-12-03 23:49:31'),
(12, 'Restu', 'restu@gmail.com', NULL, '$2y$10$M4hHvsGWGBjEilXsSltAH.UboS6XI9IjihK6gUkae2fli7o5BJMN.', NULL, '2023-12-04 00:31:53', '2023-12-04 00:31:53');

-- --------------------------------------------------------

--
-- Table structure for table `failed_jobs`
--

CREATE TABLE `failed_jobs` (
  `id` bigint UNSIGNED NOT NULL,
  `uuid` varchar(255) COLLATE utf8mb4_unicode_ci NOT NULL,
  `connection` text COLLATE utf8mb4_unicode_ci NOT NULL,
  `queue` text COLLATE utf8mb4_unicode_ci NOT NULL,
  `payload` longtext COLLATE utf8mb4_unicode_ci NOT NULL,
  `exception` longtext COLLATE utf8mb4_unicode_ci NOT NULL,
  `failed_at` timestamp NOT NULL DEFAULT CURRENT_TIMESTAMP
) ENGINE=InnoDB DEFAULT CHARSET=utf8mb4 COLLATE=utf8mb4_unicode_ci;

-- --------------------------------------------------------

--
-- Table structure for table `invoices`
--

CREATE TABLE `invoices` (
  `id` bigint UNSIGNED NOT NULL,
  `invoice` varchar(255) COLLATE utf8mb4_unicode_ci NOT NULL,
  `customer_id` bigint UNSIGNED NOT NULL,
  `courier` varchar(255) COLLATE utf8mb4_unicode_ci NOT NULL,
  `courier_service` varchar(255) COLLATE utf8mb4_unicode_ci NOT NULL,
  `courier_cost` bigint NOT NULL,
  `weight` int NOT NULL,
  `name` varchar(255) COLLATE utf8mb4_unicode_ci NOT NULL,
  `phone` varchar(255) COLLATE utf8mb4_unicode_ci NOT NULL,
  `city_id` bigint UNSIGNED NOT NULL,
  `province_id` bigint UNSIGNED NOT NULL,
  `address` text COLLATE utf8mb4_unicode_ci NOT NULL,
  `status` enum('pending','success','expired','failed') COLLATE utf8mb4_unicode_ci NOT NULL,
  `grand_total` bigint NOT NULL,
  `snap_token` varchar(255) COLLATE utf8mb4_unicode_ci DEFAULT NULL,
  `created_at` timestamp NULL DEFAULT NULL,
  `updated_at` timestamp NULL DEFAULT NULL
) ENGINE=InnoDB DEFAULT CHARSET=utf8mb4 COLLATE=utf8mb4_unicode_ci;

--
-- Dumping data for table `invoices`
--

INSERT INTO `invoices` (`id`, `invoice`, `customer_id`, `courier`, `courier_service`, `courier_cost`, `weight`, `name`, `phone`, `city_id`, `province_id`, `address`, `status`, `grand_total`, `snap_token`, `created_at`, `updated_at`) VALUES
(1, 'INV-ZS4U80F5ZO', 10, 'tiki', 'ECO', 15000, 500, 'Aditya Pratama s', '081573242937', 104, 9, 'Jawa barat, cianjur selatan, sukanagara', 'pending', 24000, '22fcfa21-f637-4517-88f3-58f45630d1bd', '2023-12-04 00:39:01', '2023-12-04 00:39:01');

-- --------------------------------------------------------

--
-- Table structure for table `migrations`
--

CREATE TABLE `migrations` (
  `id` int UNSIGNED NOT NULL,
  `migration` varchar(255) COLLATE utf8mb4_unicode_ci NOT NULL,
  `batch` int NOT NULL
) ENGINE=InnoDB DEFAULT CHARSET=utf8mb4 COLLATE=utf8mb4_unicode_ci;

--
-- Dumping data for table `migrations`
--

INSERT INTO `migrations` (`id`, `migration`, `batch`) VALUES
(1, '2014_10_12_000000_create_users_table', 1),
(2, '2014_10_12_100000_create_password_resets_table', 1),
(3, '2019_08_19_000000_create_failed_jobs_table', 1),
(4, '2019_12_14_000001_create_personal_access_tokens_table', 1),
(5, '2023_11_07_151938_create_customers_table', 1),
(6, '2023_11_07_152411_create_categories_table', 1),
(7, '2023_11_07_152540_create_products_table', 1),
(8, '2023_11_07_152746_create_carts_table', 1),
(9, '2023_11_07_152919_create_provinces_table', 1),
(10, '2023_11_07_153028_create_cities_table', 1),
(11, '2023_11_07_153142_create_invoices_table', 1),
(12, '2023_11_07_153259_create_orders_table', 1),
(13, '2023_11_07_153412_create_reviews_table', 1),
(14, '2023_11_07_153520_create_sliders_table', 1);

-- --------------------------------------------------------

--
-- Table structure for table `orders`
--

CREATE TABLE `orders` (
  `id` bigint UNSIGNED NOT NULL,
  `invoice_id` bigint UNSIGNED NOT NULL,
  `product_id` bigint UNSIGNED NOT NULL,
  `qty` int NOT NULL,
  `price` bigint NOT NULL,
  `created_at` timestamp NULL DEFAULT NULL,
  `updated_at` timestamp NULL DEFAULT NULL
) ENGINE=InnoDB DEFAULT CHARSET=utf8mb4 COLLATE=utf8mb4_unicode_ci;

--
-- Dumping data for table `orders`
--

INSERT INTO `orders` (`id`, `invoice_id`, `product_id`, `qty`, `price`, `created_at`, `updated_at`) VALUES
(1, 1, 7, 1, 9000, '2023-12-04 00:39:01', '2023-12-04 00:39:01');

-- --------------------------------------------------------

--
-- Table structure for table `password_resets`
--

CREATE TABLE `password_resets` (
  `email` varchar(255) COLLATE utf8mb4_unicode_ci NOT NULL,
  `token` varchar(255) COLLATE utf8mb4_unicode_ci NOT NULL,
  `created_at` timestamp NULL DEFAULT NULL
) ENGINE=InnoDB DEFAULT CHARSET=utf8mb4 COLLATE=utf8mb4_unicode_ci;

-- --------------------------------------------------------

--
-- Table structure for table `products`
--

CREATE TABLE `products` (
  `id` bigint UNSIGNED NOT NULL,
  `image` varchar(255) COLLATE utf8mb4_unicode_ci NOT NULL,
  `title` varchar(255) COLLATE utf8mb4_unicode_ci NOT NULL,
  `slug` varchar(255) COLLATE utf8mb4_unicode_ci NOT NULL,
  `category_id` bigint UNSIGNED NOT NULL,
  `user_id` bigint UNSIGNED NOT NULL,
  `description` text COLLATE utf8mb4_unicode_ci NOT NULL,
  `weight` int NOT NULL,
  `price` bigint NOT NULL,
  `stock` int NOT NULL,
  `discount` int NOT NULL,
  `created_at` timestamp NULL DEFAULT NULL,
  `updated_at` timestamp NULL DEFAULT NULL
) ENGINE=InnoDB DEFAULT CHARSET=utf8mb4 COLLATE=utf8mb4_unicode_ci;

--
-- Dumping data for table `products`
--

INSERT INTO `products` (`id`, `image`, `title`, `slug`, `category_id`, `user_id`, `description`, `weight`, `price`, `stock`, `discount`, `created_at`, `updated_at`) VALUES
(4, 'hrxCMqcTtZ3i2YoQuKa3J0T8F53t1ayHPoZt9SxH.png', 'SOFA MERAH', 'sofa-merah', 4, 1, '<p>ini adalah sofa merah untuk ruang tamu</p>', 1000, 10000, 10, 5, '2023-11-10 13:54:39', '2023-12-04 00:17:26'),
(5, 'ouuOP1YoV6hN2eD68fKsueQQzJUg6Z49Rs6BEuof.png', 'KASUR BIRU', 'kasur-biru', 6, 1, '<p>Ini adalah kasur biru untuk ruang tidur</p>', 1000, 15000, 10, 5, '2023-12-04 00:18:23', '2023-12-04 00:18:23'),
(6, '9ID0oaLQXdXq8B0mMeMpmBi2vJYj2g8W5auKtu12.png', 'LEMARI COKLAT', 'lemari-coklat', 3, 1, '<p>ini adalah lemari coklat untuk digunakan di ruang keluarga</p>', 1000, 20000, 5, 10, '2023-12-04 00:19:52', '2023-12-04 00:19:52'),
(7, 'Kz4AdLtZIR4y5vVj2oi1yw0a9fiGcb7s8fjWannU.png', 'LEMARI PINK', 'lemari-pink', 5, 1, '<p>ini adalah lemari pink untuk digunakan di ruang dapur</p>', 500, 10000, 10, 10, '2023-12-04 00:20:47', '2023-12-04 00:20:47'),
(8, 'YN89ARgAmCi9WTfU4h9TzrSRKqA6icxv9SPbAjwz.png', 'KURSI HITAM', 'kursi-hitam', 7, 1, '<p>ini adalah kursi hitam untuk digunakan di ruang makan</p>', 1000, 25000, 10, 20, '2023-12-04 00:21:45', '2023-12-04 00:21:45');

-- --------------------------------------------------------

--
-- Table structure for table `provinces`
--

CREATE TABLE `provinces` (
  `id` bigint UNSIGNED NOT NULL,
  `province_id` int NOT NULL,
  `name` varchar(255) COLLATE utf8mb4_unicode_ci NOT NULL,
  `created_at` timestamp NULL DEFAULT NULL,
  `updated_at` timestamp NULL DEFAULT NULL
) ENGINE=InnoDB DEFAULT CHARSET=utf8mb4 COLLATE=utf8mb4_unicode_ci;

--
-- Dumping data for table `provinces`
--

INSERT INTO `provinces` (`id`, `province_id`, `name`, `created_at`, `updated_at`) VALUES
(1, 1, 'Bali', '2023-11-10 16:39:22', '2023-11-10 16:39:22'),
(2, 2, 'Bangka Belitung', '2023-11-10 16:39:22', '2023-11-10 16:39:22'),
(3, 3, 'Banten', '2023-11-10 16:39:22', '2023-11-10 16:39:22'),
(4, 4, 'Bengkulu', '2023-11-10 16:39:22', '2023-11-10 16:39:22'),
(5, 5, 'DI Yogyakarta', '2023-11-10 16:39:22', '2023-11-10 16:39:22'),
(6, 6, 'DKI Jakarta', '2023-11-10 16:39:22', '2023-11-10 16:39:22'),
(7, 7, 'Gorontalo', '2023-11-10 16:39:22', '2023-11-10 16:39:22'),
(8, 8, 'Jambi', '2023-11-10 16:39:22', '2023-11-10 16:39:22'),
(9, 9, 'Jawa Barat', '2023-11-10 16:39:22', '2023-11-10 16:39:22'),
(10, 10, 'Jawa Tengah', '2023-11-10 16:39:22', '2023-11-10 16:39:22'),
(11, 11, 'Jawa Timur', '2023-11-10 16:39:22', '2023-11-10 16:39:22'),
(12, 12, 'Kalimantan Barat', '2023-11-10 16:39:22', '2023-11-10 16:39:22'),
(13, 13, 'Kalimantan Selatan', '2023-11-10 16:39:22', '2023-11-10 16:39:22'),
(14, 14, 'Kalimantan Tengah', '2023-11-10 16:39:22', '2023-11-10 16:39:22'),
(15, 15, 'Kalimantan Timur', '2023-11-10 16:39:22', '2023-11-10 16:39:22'),
(16, 16, 'Kalimantan Utara', '2023-11-10 16:39:22', '2023-11-10 16:39:22'),
(17, 17, 'Kepulauan Riau', '2023-11-10 16:39:22', '2023-11-10 16:39:22'),
(18, 18, 'Lampung', '2023-11-10 16:39:22', '2023-11-10 16:39:22'),
(19, 19, 'Maluku', '2023-11-10 16:39:22', '2023-11-10 16:39:22'),
(20, 20, 'Maluku Utara', '2023-11-10 16:39:22', '2023-11-10 16:39:22'),
(21, 21, 'Nanggroe Aceh Darussalam (NAD)', '2023-11-10 16:39:22', '2023-11-10 16:39:22'),
(22, 22, 'Nusa Tenggara Barat (NTB)', '2023-11-10 16:39:22', '2023-11-10 16:39:22'),
(23, 23, 'Nusa Tenggara Timur (NTT)', '2023-11-10 16:39:22', '2023-11-10 16:39:22'),
(24, 24, 'Papua', '2023-11-10 16:39:22', '2023-11-10 16:39:22'),
(25, 25, 'Papua Barat', '2023-11-10 16:39:22', '2023-11-10 16:39:22'),
(26, 26, 'Riau', '2023-11-10 16:39:22', '2023-11-10 16:39:22'),
(27, 27, 'Sulawesi Barat', '2023-11-10 16:39:22', '2023-11-10 16:39:22'),
(28, 28, 'Sulawesi Selatan', '2023-11-10 16:39:22', '2023-11-10 16:39:22'),
(29, 29, 'Sulawesi Tengah', '2023-11-10 16:39:22', '2023-11-10 16:39:22'),
(30, 30, 'Sulawesi Tenggara', '2023-11-10 16:39:22', '2023-11-10 16:39:22'),
(31, 31, 'Sulawesi Utara', '2023-11-10 16:39:22', '2023-11-10 16:39:22'),
(32, 32, 'Sumatera Barat', '2023-11-10 16:39:22', '2023-11-10 16:39:22'),
(33, 33, 'Sumatera Selatan', '2023-11-10 16:39:22', '2023-11-10 16:39:22'),
(34, 34, 'Sumatera Utara', '2023-11-10 16:39:22', '2023-11-10 16:39:22');

-- --------------------------------------------------------

--
-- Table structure for table `reviews`
--

CREATE TABLE `reviews` (
  `id` bigint UNSIGNED NOT NULL,
  `product_id` bigint UNSIGNED NOT NULL,
  `order_id` bigint UNSIGNED NOT NULL,
  `customer_id` bigint UNSIGNED NOT NULL,
  `rating` int NOT NULL,
  `review` text COLLATE utf8mb4_unicode_ci NOT NULL,
  `created_at` timestamp NULL DEFAULT NULL,
  `updated_at` timestamp NULL DEFAULT NULL
) ENGINE=InnoDB DEFAULT CHARSET=utf8mb4 COLLATE=utf8mb4_unicode_ci;

-- --------------------------------------------------------

--
-- Table structure for table `sliders`
--

CREATE TABLE `sliders` (
  `id` bigint UNSIGNED NOT NULL,
  `image` varchar(255) COLLATE utf8mb4_unicode_ci NOT NULL,
  `link` varchar(255) COLLATE utf8mb4_unicode_ci NOT NULL,
  `created_at` timestamp NULL DEFAULT NULL,
  `updated_at` timestamp NULL DEFAULT NULL
) ENGINE=InnoDB DEFAULT CHARSET=utf8mb4 COLLATE=utf8mb4_unicode_ci;

--
-- Dumping data for table `sliders`
--

INSERT INTO `sliders` (`id`, `image`, `link`, `created_at`, `updated_at`) VALUES
(3, '9AshymBLqAs6ziG5plfO4P59UCZOLzTywtZQyZDP.png', '#', '2023-12-04 00:23:51', '2023-12-04 00:23:51'),
(4, 'GngmVgVYu5KrL1WLIWiF7ZxiSNTOnMTwGyDKl780.png', '#', '2023-12-04 00:24:07', '2023-12-04 00:24:07'),
(5, 'bFwphvCOSPiOlloahUic1zRxtZ2SVhguEi2TTSnw.png', '#', '2023-12-04 00:24:18', '2023-12-04 00:24:18');

-- --------------------------------------------------------

--
-- Table structure for table `users`
--

CREATE TABLE `users` (
  `id` bigint UNSIGNED NOT NULL,
  `name` varchar(255) COLLATE utf8mb4_unicode_ci NOT NULL,
  `email` varchar(255) COLLATE utf8mb4_unicode_ci NOT NULL,
  `email_verified_at` timestamp NULL DEFAULT NULL,
  `password` varchar(255) COLLATE utf8mb4_unicode_ci NOT NULL,
  `remember_token` varchar(100) COLLATE utf8mb4_unicode_ci DEFAULT NULL,
  `created_at` timestamp NULL DEFAULT NULL,
  `updated_at` timestamp NULL DEFAULT NULL
) ENGINE=InnoDB DEFAULT CHARSET=utf8mb4 COLLATE=utf8mb4_unicode_ci;

--
-- Dumping data for table `users`
--

INSERT INTO `users` (`id`, `name`, `email`, `email_verified_at`, `password`, `remember_token`, `created_at`, `updated_at`) VALUES
(1, 'Administrator', 'admin@gmail.com', NULL, '$2y$10$WmxQAoxImlcpHI/vLCd2S.FKKeIa12EuKxx2U3kDBpuhMOsHxQDT.', NULL, NULL, NULL),
(4, 'Adittyaps', 'Adityaps@gmail.com', NULL, '$2y$10$27W9BTn4dwa9bERfUEVLauBZm.BqupejixJudUHiV7SGGtQ/o31Oa', NULL, '2023-11-10 14:10:55', '2023-11-10 14:22:48');

--
-- Indexes for dumped tables
--

--
-- Indexes for table `carts`
--
ALTER TABLE `carts`
  ADD PRIMARY KEY (`id`),
  ADD KEY `carts_product_id_foreign` (`product_id`),
  ADD KEY `carts_customer_id_foreign` (`customer_id`);

--
-- Indexes for table `categories`
--
ALTER TABLE `categories`
  ADD PRIMARY KEY (`id`);

--
-- Indexes for table `cities`
--
ALTER TABLE `cities`
  ADD PRIMARY KEY (`id`),
  ADD KEY `cities_province_id_foreign` (`province_id`);

--
-- Indexes for table `customers`
--
ALTER TABLE `customers`
  ADD PRIMARY KEY (`id`),
  ADD UNIQUE KEY `customers_email_unique` (`email`);

--
-- Indexes for table `failed_jobs`
--
ALTER TABLE `failed_jobs`
  ADD PRIMARY KEY (`id`),
  ADD UNIQUE KEY `failed_jobs_uuid_unique` (`uuid`);

--
-- Indexes for table `invoices`
--
ALTER TABLE `invoices`
  ADD PRIMARY KEY (`id`),
  ADD KEY `invoices_customer_id_foreign` (`customer_id`),
  ADD KEY `invoices_city_id_foreign` (`city_id`),
  ADD KEY `invoices_province_id_foreign` (`province_id`);

--
-- Indexes for table `migrations`
--
ALTER TABLE `migrations`
  ADD PRIMARY KEY (`id`);

--
-- Indexes for table `orders`
--
ALTER TABLE `orders`
  ADD PRIMARY KEY (`id`),
  ADD KEY `orders_invoice_id_foreign` (`invoice_id`),
  ADD KEY `orders_product_id_foreign` (`product_id`);

--
-- Indexes for table `password_resets`
--
ALTER TABLE `password_resets`
  ADD KEY `password_resets_email_index` (`email`);

--
-- Indexes for table `products`
--
ALTER TABLE `products`
  ADD PRIMARY KEY (`id`),
  ADD KEY `products_category_id_foreign` (`category_id`),
  ADD KEY `products_user_id_foreign` (`user_id`);

--
-- Indexes for table `provinces`
--
ALTER TABLE `provinces`
  ADD PRIMARY KEY (`id`);

--
-- Indexes for table `reviews`
--
ALTER TABLE `reviews`
  ADD PRIMARY KEY (`id`),
  ADD KEY `reviews_product_id_foreign` (`product_id`),
  ADD KEY `reviews_order_id_foreign` (`order_id`),
  ADD KEY `reviews_customer_id_foreign` (`customer_id`);

--
-- Indexes for table `sliders`
--
ALTER TABLE `sliders`
  ADD PRIMARY KEY (`id`);

--
-- Indexes for table `users`
--
ALTER TABLE `users`
  ADD PRIMARY KEY (`id`),
  ADD UNIQUE KEY `users_email_unique` (`email`);

--
-- AUTO_INCREMENT for dumped tables
--

--
-- AUTO_INCREMENT for table `carts`
--
ALTER TABLE `carts`
  MODIFY `id` bigint UNSIGNED NOT NULL AUTO_INCREMENT, AUTO_INCREMENT=4;

--
-- AUTO_INCREMENT for table `categories`
--
ALTER TABLE `categories`
  MODIFY `id` bigint UNSIGNED NOT NULL AUTO_INCREMENT, AUTO_INCREMENT=9;

--
-- AUTO_INCREMENT for table `cities`
--
ALTER TABLE `cities`
  MODIFY `id` bigint UNSIGNED NOT NULL AUTO_INCREMENT, AUTO_INCREMENT=502;

--
-- AUTO_INCREMENT for table `customers`
--
ALTER TABLE `customers`
  MODIFY `id` bigint UNSIGNED NOT NULL AUTO_INCREMENT, AUTO_INCREMENT=13;

--
-- AUTO_INCREMENT for table `failed_jobs`
--
ALTER TABLE `failed_jobs`
  MODIFY `id` bigint UNSIGNED NOT NULL AUTO_INCREMENT;

--
-- AUTO_INCREMENT for table `invoices`
--
ALTER TABLE `invoices`
  MODIFY `id` bigint UNSIGNED NOT NULL AUTO_INCREMENT, AUTO_INCREMENT=2;

--
-- AUTO_INCREMENT for table `migrations`
--
ALTER TABLE `migrations`
  MODIFY `id` int UNSIGNED NOT NULL AUTO_INCREMENT, AUTO_INCREMENT=15;

--
-- AUTO_INCREMENT for table `orders`
--
ALTER TABLE `orders`
  MODIFY `id` bigint UNSIGNED NOT NULL AUTO_INCREMENT, AUTO_INCREMENT=2;

--
-- AUTO_INCREMENT for table `products`
--
ALTER TABLE `products`
  MODIFY `id` bigint UNSIGNED NOT NULL AUTO_INCREMENT, AUTO_INCREMENT=9;

--
-- AUTO_INCREMENT for table `provinces`
--
ALTER TABLE `provinces`
  MODIFY `id` bigint UNSIGNED NOT NULL AUTO_INCREMENT, AUTO_INCREMENT=35;

--
-- AUTO_INCREMENT for table `reviews`
--
ALTER TABLE `reviews`
  MODIFY `id` bigint UNSIGNED NOT NULL AUTO_INCREMENT;

--
-- AUTO_INCREMENT for table `sliders`
--
ALTER TABLE `sliders`
  MODIFY `id` bigint UNSIGNED NOT NULL AUTO_INCREMENT, AUTO_INCREMENT=6;

--
-- AUTO_INCREMENT for table `users`
--
ALTER TABLE `users`
  MODIFY `id` bigint UNSIGNED NOT NULL AUTO_INCREMENT, AUTO_INCREMENT=5;

--
-- Constraints for dumped tables
--

--
-- Constraints for table `carts`
--
ALTER TABLE `carts`
  ADD CONSTRAINT `carts_customer_id_foreign` FOREIGN KEY (`customer_id`) REFERENCES `customers` (`id`),
  ADD CONSTRAINT `carts_product_id_foreign` FOREIGN KEY (`product_id`) REFERENCES `products` (`id`);

--
-- Constraints for table `cities`
--
ALTER TABLE `cities`
  ADD CONSTRAINT `cities_province_id_foreign` FOREIGN KEY (`province_id`) REFERENCES `provinces` (`id`);

--
-- Constraints for table `invoices`
--
ALTER TABLE `invoices`
  ADD CONSTRAINT `invoices_city_id_foreign` FOREIGN KEY (`city_id`) REFERENCES `cities` (`id`),
  ADD CONSTRAINT `invoices_customer_id_foreign` FOREIGN KEY (`customer_id`) REFERENCES `customers` (`id`),
  ADD CONSTRAINT `invoices_province_id_foreign` FOREIGN KEY (`province_id`) REFERENCES `provinces` (`id`);

--
-- Constraints for table `orders`
--
ALTER TABLE `orders`
  ADD CONSTRAINT `orders_invoice_id_foreign` FOREIGN KEY (`invoice_id`) REFERENCES `invoices` (`id`),
  ADD CONSTRAINT `orders_product_id_foreign` FOREIGN KEY (`product_id`) REFERENCES `products` (`id`);

--
-- Constraints for table `products`
--
ALTER TABLE `products`
  ADD CONSTRAINT `products_category_id_foreign` FOREIGN KEY (`category_id`) REFERENCES `categories` (`id`),
  ADD CONSTRAINT `products_user_id_foreign` FOREIGN KEY (`user_id`) REFERENCES `users` (`id`);

--
-- Constraints for table `reviews`
--
ALTER TABLE `reviews`
  ADD CONSTRAINT `reviews_customer_id_foreign` FOREIGN KEY (`customer_id`) REFERENCES `customers` (`id`),
  ADD CONSTRAINT `reviews_order_id_foreign` FOREIGN KEY (`order_id`) REFERENCES `orders` (`id`),
  ADD CONSTRAINT `reviews_product_id_foreign` FOREIGN KEY (`product_id`) REFERENCES `products` (`id`);
COMMIT;

/*!40101 SET CHARACTER_SET_CLIENT=@OLD_CHARACTER_SET_CLIENT */;
/*!40101 SET CHARACTER_SET_RESULTS=@OLD_CHARACTER_SET_RESULTS */;
/*!40101 SET COLLATION_CONNECTION=@OLD_COLLATION_CONNECTION */;
